1	Common	1	Guild Monster	ドスギアノス※	※Giadrome	600	1★	-	-	-	-	-	-	-	ギアノスシリーズ x1	-	-	ナブランジャ	-	Giaprey Armor x1	-	-	
1	Common	2	Guild Monster	ドスファンゴ※	※Bulldrome	1000	2★	-	-	-	-	-	-	-	ボーンシリーズ x2	-	<オート / キャンプ>:このカードが参加した狩りの終了時、この カードを横向きにする。	Toronn	-	Bone Armor x2	-	<Auto/Camp>: At the end of a hunt in which this card participated, turn this card horizontal.	
1	Common	3	Guild Monster	イャンクック※	※Yian Kut-Ku	1400	3★	-	-	-	-	-	-	-	クックSシリーズ x1	-	-	山崎 太郎	-	Kut-Ku S Armor x1	-	-	
1	Uncommon	4	Guild Monster	ダイミョウザザミ※	※Daimyo Hermitaur	1200	3★	-	-	-	-	-	-	-	ザザミSシリーズ x1	-	<オート / 狩場>: 相手の準備ゾーンにある裏向きのカード1枚につき、このカードのパワー+200。	米川　東	-	Hermitaur S Armor x1	-	<Auto/Hunting Ground>: This card gets +200 Power for each face down card in your opponent's Preparation Zone.	
1	Uncommon	5	Guild Monster	ドドブランゴ※	※Blangonga	1200	3★	-	-	-	-	-	-	-	ブランゴSシリーズ x1	-	<オート / 狩場>: あなたの準備ゾーンに表向きのカードが2枚以上ある場合、このカードのパワー+400。	山崎 太郎	-	Blango S Armor x1	-	<Auto/Hunting Ground>: If you have 2 or more face up cards in your Preparation Zone, this card gets +400 Power.	
1	Rare	6	Guild Monster	ディアブロス※	※Diablos	1200	4★	-	-	-	-	-	-	-	ディアブロSシリーズ x1	-	<オート/キャンプ>:このカードが手札か準備ゾーンからキャンプに出た時、準備ゾーンにある★6以下のターゲットモンスターを 1枚選んで、捨てる。	山宗	-	Diablos S Armor x1	-	<Auto/Camp>: When this card is sent to the Camp from your hand or Preparation Zone, choose 1 6★ or below Target Monster in your Preparation Zone and discard it.	
1	Rare	7	Guild Monster	ナルガクルガ※	※Nargacuga	1300	4★	-	-	-	-	-	-	-	ナルガSシリーズ x1	-	<アクティヴ/狩場>[手札②]:このカードを1つ後ろに移動する。	緑川 美帆	-	Narga S Armor x1	-	<Active/Hunting Ground> [Hand ②]: Move this card one space back.	
1	Common	8	Guild Monster	ババコンガ亜種※	※Emerald Congalala	2100	5★	-	-	-	-	-	-	-	コンガZシリーズ x1	-	-	彩菜祇 根雨	-	Conga Z Armor x1	-	-	
1	Ultra Rare	9	Guild Monster	リオレウス希少種※	※Silver Rathalos	3000	6★	-	-	-	-	-	-	-	S・ソルZシリーズ x2	-	<オート / キャンプ>:このカードが手札か準備ゾーンからキャンプに出た時、相手の準備ゾーンにあるすべてのカードを捨てる。	成庵	-	Silver Sol Z Armor x2	-	<Auto/Camp>: When this card is put into the Camp from your hand or Preparation Zone, discard all cards in your opponent's Preparation Zone.	
1	Uncommon	10	Target Monster	ババコンガ	Congalala	100	1★	-	-	-	0	Claw (Green)	-	-	-	-	-	山宗	-	-	-	-	
1	Uncommon	11	Target Monster	ガノトトス	Plesioth	400	3★	-	-	-	1	Scale (Yellow)	-	-	-	-	<オープン>:相手の準備ゾーンに裏向きのカードが4枚以上ある 場合、相手の準備ゾーンにあるカードを2枚まで選んで、表向きに する。	ナブランジャ	-	-	-	<Open>: If your opponent has four or more face down cards in their Preparation Zone, choose up to two cards in their Preparation Zone and flip them face up.	
1	Common	12	Target Monster	ゲリョス	Gypceros	400	3★	-	-	-	1	Scale (Yellow)	-	-	-	-	<オープン>:狩場にあるハンターの中で2番目のハンターが★3 以上の場合、狩りの終了時まで、そのハンターのパワー-700。	Hirokorin	-	-	-	<Open>: If the second Hunter in the Hunting Ground is 3★ or above, that Hunter's Power is reduced by 700 until the end of the hunt.	
1	Common	13	Target Monster	ショウグンギザミ	Shogun Ceanataur	400	3★	-	-	-	1	Crab (Yellow)	-	-	-	-	<オープン>: 狩場にあるハンターを1枚選んで、1つ後ろに移動 する。	NAKAGAWA	-	-	-	<Open>: Choose one Hunter in the Hunting Ground and move it one space back.	
1	Rare	14	Target Monster	フルフル	Khezu	400	3★	-	-	-	1	Shell (Yellow)	-	-	-	-	<オープン>: 狩場にあるハンターの中で先頭のハンターが★3 以上の場合、狩りの終了時まで、そのハンターのパワー-700。	米谷 尚展	-	-	-	<Open>: If the lead Hunter in the Hunting Ground is 3★ or above, that Hunter's Power will be reduced by 700 until the end of the hunt.	
1	Common	15	Target Monster	モノブロス	Monoblos	400	3★	-	-	-	1	Shell (Yellow)	-	-	-	-	<オープン>: 相手の準備ゾーンにあるカードを1枚選んで、裏向き にする。	NAKAGAWA	-	-	-	<Open>: Choose a card in your opponent's Preparation Zone and flip it face down.	
1	Ultra Rare	16	Target Monster	ナナ・テスカトリ	Lunastra	500	4★	-	-	-	1	Shell (Yellow)	-	-	-	-	<オープン>: 狩りの終了時まで、狩場にあるギルドモンスターの パワー-700。	Toronn	-	-	-	<Open>: Guild Monsters in the Hunting Ground have -700 Power until the end of the hunt.	
1	Ultra Rare	17	Target Monster	ラージャン	Rajang	600	4★	-	-	-	2	Hide (Yellow)	-	-	-	-	<オート/狩場>:このカードが討伐された時、このカードを討伐 したカードを横向きにする。	伊藤 サトシ	-	-	-	<Auto/Hunting Ground>: When this card is slain, turn the card that slew it horizontal.	
1	Common	18	Target Monster	キングチャチャブー	King Shakalaka	1100	5★	-	-	-	1	Sac (Red)	-	-	-	-	<オート / ・狩場>:このカードが討伐された時、あなたの手札を 1枚選んで、捨てる。	山崎 太郎	-	-	-	<Auto/Hunting Ground>: When this card is slain, choose 1 card from your hand and discard it.	
1	Uncommon	19	Target Monster	クイーンランゴスタ	Vespoid Queen	1900	5★	-	-	-	0	Bug (Red)	-	-	-	-	<オープン>: 狩場にあるハンターを1枚選んで、狩りの終了時まで、 パワー-300。	山崎 太郎	-	-	-	<Open>: Choose one Hunter in the Hunting Ground and give it -300 Power until the end of the hunt.	
1	Uncommon	20	Target Monster	ティガレックス	Tigrex	1800	6★	-	-	-	2	Mantle (Red)	-	-	-	-	<オート / 狩場>:このカードが討伐された時、このカードを討伐 したカードを横向きにする。	二見 敬之	-	-	-	<Auto/Hunting Ground>: When this card is slain, turn the card that slew it horizontal.	
1	Uncommon	21	Target Monster	リオレウス亜種	Azure Rathalos	1700	6★	-	-	-	1	Mantle (Red)	-	-	-	-	<オープン>:このカードはあなたのターンにしかオープンできない。あなたの手札をすべて捨てる。このカード以外のあなたの 準備ゾーンにあるすべてのカードを捨てる。その後、狩場にあるハンターの中で先頭のハンターを横向きにする。	村山 竜大	-	-	-	<Open>: This card can only be opened during your turn. Discard all cards from your hand. Discard all cards from your Preparation Zone except this card. After that, turn the lead Hunter in the Hunting Ground horizontal.	<Open> : This card can only be opened during your turn. Discard all cards from your hand and from your Preparation Zone except this card. After that, turn the lead Hunter in the Hunting Ground horizontal.
1	Rare	22	Target Monster	ドドブランゴ亜種	Copper Blangonga	2500	7★	-	-	-	1	Hide (Yellow)	-	-	-	-	<オープン>: 相手の準備ゾーンにあるカードを1枚選んで、表向きにする。	松島 一夫	-	-	-	<Open>: Choose 1 card in your opponent's Preparation Zone and flip it face up.	
1	Ultra Rare	23	Target Monster	ナルガクルガ	Nargacuga	3300	7★	-	-	-	1	Mantle (Red)	-	-	-	-	<オープン>: 相手の準備ゾーンにあるカードを1枚選んで、表向きにする。	山宗	-	-	-	<Open>: Choose 1 card in your opponent's Preparation Zone and flip it face up.	
1	Common	24	Target Monster	ヒプノック	Hypnocatrice	2500	7★	-	-	-	1	Shell (Yellow)	-	-	-	-	<オープン>:狩場にあるアクティヴ能力を持つハンターを1枚選ぶ。そのハンターはターンの終了時まで、アクティヴ能力を使用できない。	Daisuke Izuka	-	-	-	<Open>: Choose a Hunter with an Active Ability in the Hunting Ground. That Hunter cannot use its Active Ability until the end of the turn.	
1	Common	25	Target Monster	リオレイア	Rathian	3300	7★	-	-	-	2	Mantle (Red)	-	-	-	-	-	緑川 美帆	-	-	-	-	
1	Rare	26	Target Monster	オオナズチ	Chameleos	5300	8★	-	-	-	2	Gem (Purple)	-	-	-	-	<オープン>: 相手の準備ゾーンにあるカードを1枚選んで、裏向き にする。	木下 勇樹	-	-	-	<Open>: Choose a card in your opponent's preparation zone and flip it face down.	
1	Ultra Rare	27	Target Monster	クシャルダオラ	Kushala Daora	6000	8★	-	-	-	3	Gem (Purple)	-	-	-	-	-	二見 敬之	-	-	-	-	
1	Rare	28	Target Monster	ディアブロス亜種	Black Diablos	4700	8★	-	-	-	2	Mantle (Red)	-	-	-	-	<オープン>: 相手の準備ゾーンにあるカードを1枚選んで、表向きにする。	小城 崇志	-	-	-	<Open>: Choose a card in your opponent's Preparation Zone and flip it face up.	
1	Common	29	Hunter	クリムゾンゴート	Crimson Goat	400	2★	Great Sword	-	0	-	-	-	ブランゴシリーズ	-	-	-	三好 載克	Blango Armor	-	-	-	
1	Common	30	Hunter	煌剣リオレウス	Rathalos Glinsword	700	4★	Great Sword	Great Sword	Shell (Yellow)	-	-	-	レウスSシリーズ	-	-	<オープン>: 狩場にある『太刀』を1枚選んで、狩りの終了時まで、 パワー+300。	春乃壱	Rathalos S Armor	-	-	<Open>: Choose 1 "Long Sword" in the Hunting Ground and give it +300 Power until the end of the hunt.	<Open>: Choose 1 "Long Sword" Hunter within the Hunting Ground and give it +300 Power until the end of the hunt.
1	Rare	31	Hunter	暗夜剣【宵闇】	Dark of Night	1200	6★	Great Sword	Great Sword	Mantle (Red)	-	-	-	ナルガXシリーズ	-	-	<オート / キャンプ>: あなたのターンの開始時、あなたの手札を 2枚選んで、捨ててよい。2枚捨てたならば、このカードはター ンの終了時まで、以下の能力を得る。「<オート/狩場>このカー ドが狩りに参加した時、狩りの終了時まで、このカードのパワー +900。この能力は1ターンに1回しか発動しない。」	タカヤマ トシアキ	Narga X Armor	-	-	<Auto/Camp>: At the start of your turn, you may choose and discard 2 cards from your hand. If you discard 2 cards, this card gains the following ability until the end of the turn. "<Auto/Hunting Ground> When this card participates in a hunt, this card gets +900 Power until the end of the hunt. This ability can only be activated once per turn."	<Auto/Camp> : At the start of your turn, you may discard 2 cards from your hand to activate the following ability until the end of the turn. {{{LINEBREAK}}}<Auto/Hunting Ground> : When this card participates in a hunt, this card gets +900 Power until the end of the hunt. This ability can only be activated once per turn.
1	Common	32	Hunter	鬼斬破	Devil Slicer	400	2★	Long Sword	-	0	-	-	-	ハンターシリーズ	-	-	-	Mitsuhiro Arita	Hunter's Armor	-	-	-	
1	Uncommon	33	Hunter	鬼神斬破刀	True Devil Slicer	500	4★	Long Sword	Long Sword	Scale (Yellow)	-	-	-	ナルガSシリーズ	-	-	<オート/狩場>: あなたの手札が4枚以上ある場合、このカードの パワー+400。	米谷 尚展	Narga S Armor	-	-	<Auto/Hunting Ground>: If you have 4 or more cards in your hand, this card gets +400 Power.	
1	Common	34	Hunter	クレセントヴァイス	Weiss Crescent	600	4★	Long Sword	Long Sword	Shell (Yellow)	-	-	-	モノブロスSシリーズ	-	-	<オート/キャンプ>:このカードが手札か準備ゾーンからキャンプ に出た時、あなたの手札を1枚選んで、捨てる。捨てたならば、あなたの 山札から『大剣』を1枚まで選んで、相手に見せてから手札に加える。 その後、シャッフルする。{{{LINEBREAK}}}<オープン>: 狩場にある『大剣』を1枚選んで、狩りの終了時まで、 パワー+300。	春乃壱	Mono S Armor	-	-	<Auto/Camp>: When this card is sent to the Camp from your hand or Preparation Zone, choose 1 card from your hand and discard it. If you discard it, choose up to 1 "Great Sword" from your deck, show it to your opponent, and add it to your hand. Then shuffle.{{{LINEBREAK}}}<Open>: Choose 1 "Great Sword" in the Hunting Ground and give it +300 Power until the end of the hunt.	<Auto/Camp> : When this card is sent to the camp from your hand or Preparation zone, you may choose 1 card from your hand and discard it. You may then search your deck for one "Great Sword" hunter. Reveal it, add it to your hand and then shuffle your deck.{{{LINEBREAK}}}<Open> : Choose 1 "Great Sword" in the Hunting Ground. It gets +300 Power until the end of the Hunt.
1	Rare	35	Hunter	黒刀【終ノ型】	Final Black Katana	1400	5★	Long Sword	Long Sword	Mantle (Red)	-	-	-	S・ソルZシリーズ	-	-	<オート/狩場>: あなたの手札が6枚以上ある場合、このカードの パワー+600。	百瀬 寿	Silver Sol Z Armor	-	-	<Auto/Hunting Ground>: If you have 6 or more cards in your hand, this card gets +600 Power.	
1	Common	36	Hunter	コロナ	Corona	400	2★	Sword and Shield	-	0	-	-	-	ギアノスシリーズ	-	-	-	miche	Giaprey Armor	-	-	-	
1	Common	37	Hunter	ハイガノススパイク	Plesioth Direspike	800	4★	Sword and Shield	Sword and Shield	Shell (Yellow)	-	-	-	パピメルSシリーズ	-	-	-	MID	Butterfly S Armor	-	-	-	
1	Uncommon	38	Hunter	雷神宝剣キリン	Kirin Bolt Maximus	700	4★	Sword and Shield	Sword and Shield	Shell (Yellow)	-	-	-	クックSシリーズ	-	-	<オート / 狩場>: 狩場にあなたの★5以上の『双剣』がある場合、 このカードのパワー+500。	小城 崇志	Kut-Ku S Armor	-	-	<Auto/Hunting Ground>: If you have a 5★ or above "Dual Blades" in the Hunting Ground, this card gets +500 Power.	<Auto/Hunting Ground>: If you have a 5★ or above "Dual Blades" Hunter within the Hunting Ground, this card gets +500 Power.
1	Rare	39	Hunter	呪王剣チャチャブー	Hexed Shaka Sword	1400	5★	Sword and Shield	Sword and Shield	Sac (Red)	-	-	-	ヒプノXシリーズ	-	-	<オート/狩場>: あなたの素材置場にある「キングチャチャブー」 1枚につき、このカードのパワー+300。	成庵	Hypno X Armor	-	-	<Auto/Hunting Ground>: For each "King Shakalaka" in your Material Storage, this card gets +300 Power.	<Auto/Hunting Ground> : This card gets +300 Power for every "King Shakalaka" in your material storage.
1	Common	40	Hunter	ブレイドエッジ改	Bladed Edges+	200	2★	Dual Blades	Dual Blades	0	-	-	-	ボーンシリーズ	-	-	<オート/狩場>: あなたの準備ゾーンにある裏向きのカード1枚 につき、このカードのパワー+100。	toma	Bone Armor	-	-	<Auto/Hunting Ground>: This card gets +100 Power for each face down card in your Preparation Zone.	
1	Uncommon	41	Hunter	ゲキリュウノツガイ	Wyvern Strife	700	4★	Dual Blades	Dual Blades	Scale (Yellow)	-	-	-	ガノスSシリーズ	-	-	<オート/キャンプ>:このカードが手札か準備ゾーンからキャンプ に出た時、あなたの山札の上からカードを1枚公開する。公開した カードがターゲットモンスターならば、そのカードを表向きで素材置場に置く。ターゲットモンスターでないならば、そのカードを手札 に加える。	木下 勇樹	Plesioth S Armor	-	-	<Auto/Camp>: When this card is sent to the Camp from your hand or Preparation Zone, reveal the top card of your deck. If the revealed card is a Target Monster, place it face up in your Material Storage. If it is not a Target Monster, add it to your hand.	<Auto/Camp>: When this card is sent to the Camp from your hand or Preparation Zone, reveal the top card of your deck. If the revealed card is a Target Monster, place it face up in your Material Storage. If it is not, add it to your hand.
1	Common	42	Hunter	封龍剣【超絶一門】	Enduring Schism	600	4★	Dual Blades	Dual Blades	Shell (Yellow)	-	-	-	クックSシリーズ	-	-	<オート / キャンプ>:このカードが手札か準備ゾーンからキャンプ に出た時、あなたの手札を1枚選んで、捨てる。捨てたならば、あなたの 山札から『片手剣』を1枚まで選んで、相手に見せてから手札に加える。 その後、シャッフルする。{{{LINEBREAK}}}<オープン>: 狩場にある『片手剣』を1枚選んで、狩りの終了時まで、 パワー+300。	村上 ヒサシ	Kut-Ku S Armor	-	-	<Auto/Camp>: When this card is sent to the Camp from your hand or Preparation Zone, choose 1 card from your hand and discard it. If you discard it, choose up to 1 "Sword and Shield" from your deck, show it to your opponent, and add it to your hand. Then shuffle.	<Auto/Camp> : When this card is sent to the camp from your hand or Preparation zone, you may choose 1 card from your hand and discard it. You may then search your deck for one "Sword and Shield" Hunter. Reveal it, then add it to your hand and shuffle your deck.
1	Rare	43	Hunter	双聖剣ギルドナイト	Holy Guild Knight	900	6★	Dual Blades	Dual Blades	Mantle (Red)	-	-	-	キリンXシリーズ	-	-	<オート / 狩場>: あなたの準備ゾーンにある裏向きのカード1枚につき、このカードのパワー+300。	AMON	Kirin X Armor	-	-	<Auto/Hunting Ground>: This card gets +300 Power for each face down card in your Preparation Zone.	
1	Common	44	Hunter	ブルタスクハンマー	Bull Tusk Hammer	400	2★	Hammer	-	0	-	-	-	ゲリョスシリーズ	-	-	-	Mitsuhiro Arita	Gypceros Armor	-	-	-	
1	Common	45	Hunter	アイアンインパクト	Iron Impact	600	4★	Hammer	Hammer	2	-	-	-	クシャナSシリーズ	-	-	<オート / キャンプ>:このカードが手札か準備ゾーンからキャンプ に出た時、あなたの手札を1枚選んで、捨てる。捨てたならば、あなたの 山札から『狩猟笛』を1枚まで選んで、相手に見せてから手札に加える。 その後、シャッフルする。{{{LINEBREAK}}}<オープン>: 狩場にある『狩猟笛』を1枚選んで、狩りの終了時まで、 パワー+300。	shukei	Kushala S Armor	-	-	<Auto/Camp>: When this card is sent to the Camp from your hand or Preparation Zone, choose 1 card from your hand and discard it. If you discard it, choose up to 1 "Hunting Horn" from your deck, reveal it and add it to your hand. Then shuffle your deck.{{{LINEBREAK}}}<Open>: Select 1 "Hunting Horn" in your Hunting Ground and give it +300 Power until the end of the hunt.	***Used same wording as B01-34
1	Uncommon	46	Hunter	角竜鎚カオスレンダー	Diablos Chaos Breaker	600	4★	Hammer	Hammer	Shell (Yellow)	-	-	-	カイザーSシリーズ	-	-	<アクティヴ / 準備ゾーン>[このカードを捨てる+狩場にある あなたの『ハンマー』を横向きにする+素材②]: この能力はあなた のターンにしか使用できない。狩場にあるハンターを1枚選んで、 横向きにする。	春乃壱	Kaiser S Armor	-	-	<Active/Preparation Zone> [Discard this card + Turn your "Hammer" in the Hunting Ground horizontal + Material ②]: This ability can only be used during your turn. Select 1 Hunter in the Hunting Ground and turn it horizontal.	Same text as B01-69
1	Rare	47	Hunter	極鎚ジャガーノート	Juggernaut	1500	5★	Hammer	Hammer	7	-	-	-	コンガZシリーズ	-	-	-	甲壱	Conga Z Armor	-	-	-	
1	Common	48	Hunter	サクラノリコーダー	Coral Chordmaker	400	2★	Hunting Horn	-	0	-	-	-	ボーンシリーズ	-	-	-	百瀬 寿	Bone Armor	-	-	-	
1	Common	49	Hunter	ブラッドフルート	Blood Flute	700	4★	Hunting Horn	Hunting Horn	Hide (Yellow)	-	-	-	ブランゴSシリーズ	-	-	<アクティヴ / 狩場> [このカードを横向きにする+あなたの準備 ゾーンにある「ブラッドフルート」を1枚選んで、捨てる]:カードを 2枚引く。	Daisuke Izuka	Blango S Armor	-	-	<Active/Hunting Ground> [Turn this card horizontal + choose 1 "Blood Flute" in your Preparation Zone and discard it]: Draw 2 cards.	<Active/Hunting Ground>{{{LINEBREAK}}}[Discard 1 "Blood Flute" Hunter within your Preparation Zone and turn this card horizontal]: Draw 2 cards
1	Uncommon	50	Hunter	龍木ノ笛【宿神】	Spirit Dragonwood Horn	700	4★	Hunting Horn	Hunting Horn	Shell (Yellow)	-	-	-	ミヅハ覇シリーズ	-	-	<アクティヴ/キャンプ>[このカードを横向きにする]:狩場に あるハンターかギルドモンスターを1枚選んで、狩りの終了時まで、 パワー+300。	shukei	Mizuha S Armor	-	-	<Active/Camp> [Turn this card horizontal]: Select 1 Hunter or Guild Monster in the Hunting Ground and give it +300 Power until the end of the hunt.	<Active/Camp> {{{LINEBREAK}}}[Turn this card horizontal] : Give +300 Power to any 1 Hunter or Guild Monster in the Hunting Ground until the end of this hunt.
1	Rare	51	Hunter	女王笛ランゴスタ	Queen's Flute	1200	5★	Hunting Horn	Hunting Horn	Bug (Red)	-	-	-	エンプレスXシリーズ	-	-	<オート / キャンプ>: あなたの素材置場にある「クイーンランゴスタ」1枚につき、あなたのGP +200。	増田 幹生	Empress X Armor	-	-	<Auto/Camp>: For each "Vespoid Queen" in your Material Storage, you gain +200 GP.	
1	Common	52	Hunter	ブルーテイル	Blue Tail	400	2★	Lance	-	0	-	-	-	チェーンシリーズ	-	-	-	toma	Chain Armor	-	-	-	
1	Common	53	Hunter	ツキサシ	Ceanataur Piercer	700	3★	Lance	Lance	Crab (Yellow)	-	-	-	マカルパUシリーズ	-	-	<アクティヴ / キャンプ>[このカードを横向きにする]:あなたの 山札から「ガノトトス」を1枚まで選んで、相手に見せてから手札に 加える。その後、シャッフルする。	Daisuke Izuka	Makluva U Armor	-	-	<Active/Camp> [Turn this card horizontal]: Choose up to 1 "Plesioth" from your deck, show it to your opponent, and add it to your hand. Then shuffle.	<Active/Camp> [Turn this card horizontal]: Search your deck for up to 1 "Plesioth" card, reveal it and add it to your hand. Then shuffle your deck.
1	Uncommon	54	Hunter	ブループロミネンス	Blue Prominence	700	4★	Lance	Lance	Crab (Yellow)	-	-	-	ザザミSシリーズ	-	-	<オープン>[素材①]: 狩場にあるあなたの『ガンランス』を1枚 選んで、1つ後ろに移動する。	村上 ヒサシ	Hermitaur S Armor	-	-	<Open> [Material ①]: Choose one of your "Gunlance" cards in the Hunting Ground and move it one space back.	<Open> [Material ①]: Choose one of your "Gunlance" Hunter in the Hunting Ground and move it one space back.
1	Rare	55	Hunter	ダークネス	Darkness	1300	5★	Lance	Lance	Mantle (Red)	-	-	-	グラビドXシリーズ	-	-	<オート / 狩場>: 狩場にあるハンターの中でこのカードが先頭にある場合、このカードのパワー+400。	dhr dhr	Gravios X Armor	-	-	<Auto/Hunting Ground>: If this card is the lead Hunter in the Hunting Ground, this card gets +400 Power.	
1	Common	56	Hunter	近衛隊正式銃槍	Defender's Gunlance	400	2★	Gunlance	-	0	-	-	-	ハイメタシリーズ	-	-	-	koji	High Metal Armor	-	-	-	
1	Common	57	Hunter	海王槍リヴァイアサン	Leviathan Gunlance	600	4★	Gunlance	Gunlance	Scale (Yellow)	-	-	-	ザザミSシリーズ	-	-	<オート/キャンプ>:このカードが手札か準備ゾーンからキャンプに 出た時、あなたの手札を1枚選んで、捨てる。捨てたならば、あなたの 山札から『ランス』を1枚まで選んで、相手に見せてから手札に加える。 その後、シャッフルする。{{{LINEBREAK}}}<オープン>[素材①]: 狩場にあるあなたの『ランス』を1枚選んで、 1つ前に移動する。	タカヤマ トシアキ	Hermitaur S Armor	-	-	<Auto/Camp>: When this card is sent to the camp from your hand or Preparation Zone, choose 1 card from your hand and discard it. If you discard it, choose up to 1 "Lance" card from your deck, show it to your opponent, and add it to your hand. Then shuffle.{{{LINEBREAK}}}<Open> [Material ①]: Select one of your "Lance" cards in the Hunting Ground and move it one space forward.	<Auto/Camp> : When this card is sent to the Camp from your hand or Preparation Zone, you may discard one card from your hand to search your deck for one "Lance" Hunter. Reveal it and add it to your hand. Then shuffle your deck.{{{LINEBREAK}}}<Open> [Material ①] : Select one of your "Lance" Hunters in the Hunting Ground and advance it’s position.
1	Uncommon	58	Hunter	ガンチャリオット	Chariot Gun	400	4★	Gunlance	Gunlance	Shell (Yellow)	-	-	-	バトルUシリーズ	-	-	<オート / 狩場>:キャンプか狩場にこのカード以外のあなたの 『ガンランス』がある場合、このカードのパワー+500。	杉浦 善夫	Battle U Armor	-	-	<Auto/Hunting Ground>: If you have another "Gunlance" card in your Camp or Hunting Ground, this card gets +500 Power.	<Auto/Hunting Ground> : This card gets +500 Power if you have another "Gunlance" Hunter within your Camp or in the Hunting Ground.
1	Rare	59	Hunter	ジェネシス	Progenesis	400	6★	Gunlance	Gunlance	Mantle (Red)	-	-	-	バサルXシリーズ	-	-	<アクティヴ/狩場>[手札③]: 狩りの終了時まで、狩場にあるター ゲットモンスターのパワー-1000。	杉浦 善夫	Basarios X Armor	-	-	<Active/Hunting Ground> [Hand Card ③]: Until the end of the hunt, Target Monsters in the Hunting Ground get -1000 Power.	
1	Common	60	Hunter	ジェイドストーム	Jade Storm	200	1★	Light Bowgun	-	0	-	-	-	バトルシリーズ	-	-	<オート / 狩場>: あなたの素材置場にカードがある場合、この カードのパワー+300。	NINNIN	Battle Armor	-	-	<Auto/Hunting Ground>: If you have a card in your Material Storage, this card gets +300 Power.	<Auto/Hunting Ground> : If there are any cards in your Material Storage, this card gets +300 Power.
1	Common	61	Hunter	ゴールドヴァルキリー	Golden Valkyrie	500	4★	Light Bowgun	Light Bowgun	Scale (Yellow)	-	-	-	メルホアUシリーズ	-	-	<オート / 狩場>: あなたの素材置場にあるカード1枚につき、 このカードのパワー+100。	春乃壱	Melahoa U Armor	-	-	<Auto/Hunting Ground>: For each card in your Material Storage, this card gets +100 Power.	
1	Uncommon	62	Hunter	ヒドゥンゲイズ	Hidden Eye	700	4★	Light Bowgun	Light Bowgun	Scale (Yellow)	-	-	-	ディアブロSシリーズ	-	-	<アクティヴ/準備ゾーン>[このカードを捨てる]:狩場にある 『ライトボウガン』を1枚選んで、狩りの終了時まで、パワー+500。	トニーたげざき	Diablos S Armor	-	-	<Active/Preparation Zone> [Discard this card]: Choose a "Light Bowgun" card in the Hunting Ground and give it +500 Power until the end of the hunt.	<Active/Preparation Zone> [Discard this card]: Choose a "Light Bowgun" Hunter in the Hunting Ground and give it +500 Power until the end of the hunt.
1	Rare	63	Hunter	マジンノランプ	Genie's Lamp	1200	6★	Light Bowgun	Light Bowgun	Mantle (Red)	-	-	-	コンガZシリーズ	-	-	<オート / キャンプ>:このカードが手札か準備ゾーンからキャンプ に出た時、相手の準備ゾーンにあるカードを2枚まで選んで、表向き にする。	Noran Gom	Conga Z Armor	-	-	<Auto/Camp>: When this card is sent to the Camp from your hand or Preparation Zone, choose up to 2 cards in your opponent's Preparation Zone and flip them face up.	
1	Common	64	Hunter	ボーンシューター	Bone Blaster	300	1★	Heavy Bowgun	-	0	-	-	-	ギアノスシリーズ	-	-	<アクティヴ / 狩場> [あなたの準備ゾーンにある表向きのカード を1枚選んで、捨てる]:狩りの終了時まで、このカードのパワー +200。	添田 一平	Giaprey Armor	-	-	<Active/Hunting Ground> [Choose 1 face up card in your Preparation Zone and discard it]: Until the end of the hunt, this card gets +200 Power.	<Active/Hunting Ground>{{{LINEBREAK}}}[Discard 1 face up card in your Preparation Zone] : This card gets +200 Power until the end of the hunt.
1	Common	65	Hunter	デザートダイバー	Desert Diver	700	3★	Heavy Bowgun	Heavy Bowgun	Scale (Yellow)	-	-	-	ナルガSシリーズ	-	-	<オープン>[素材①]: 狩場にあるあなたの『ヘビィボウガン』を 1枚選んで、1番後ろに移動する。	西野 幸治	Narga S Armor	-	-	<Open> [Material ①]: Choose 1 of your "Heavy Bowgun" cards in the Hunting Ground and move it to the back.	<Open> {{{LINEBREAK}}}[Material ① ] : Choose 1 of your "Heavy Bowgun" Hunters in the Hunting Ground and move it to the back of the Hunting Ground.
1	Uncommon	66	Hunter	老山龍砲・覇	Supreme Lao-Shan Cannon	700	3★	Heavy Bowgun	Heavy Bowgun	Scale (Yellow)	-	-	-	ブランゴSシリーズ	-	-	<アクティヴ / 狩場> [あなたの準備ゾーンにある表向きのカードを1枚選んで、捨てる]: 狩りの終了時まで、このカードのパワー{{{LINEBREAK}}}+300。	三好 載克	Blango S Armor	-	-	<Active/Hunting Ground> [Choose 1 face up card in your Preparation Zone and discard it]: Until the end of the hunt, this card gets +300 Power.	<Active/Hunting Ground>{{{LINEBREAK}}}[Discard 1 face-up card in your Preparation Zone] : This card gets +300 Power until the end of the hunt.
1	Rare	67	Hunter	龍木ノ古砲【荒神】	Ancient Dragonwood Cannon	1000	6★	Heavy Bowgun	Heavy Bowgun	Mantle (Red)	-	-	-	ギザミXシリーズ	-	-	<アクティヴ / 狩場> [あなたの準備ゾーンにある表向きのカード を1枚選んで、捨てる]: 狩りの終了時まで、このカードのパワー +400。	タカヤマ トシアキ	Ceanataur X Armor	-	-	<Active/Hunting Ground> [Choose a face up card in your Preparation Zone and discard it]: Until the end of the hunt, this card gets +400 Power.	<Active/Hunting Ground>{{{LINEBREAK}}}[Discard a face up card in the Preparation Zone] : This card gets +400 Power until the end of the hunt.
1	Common	68	Hunter	プロミネンスボウI	Prominence Bow I	300	2★	Bow	-	0	-	-	-	ギザミシリーズ	-	-	<オート / 狩場>: あなたのターンの間、キャンプか狩場にあなたの ★3以上の「大剣」がある場合、このカードのパワー+300。	百瀬 寿	Ceanataur Armor	-	-	<Auto/Hunting Ground>: During your turn, if you have a 3★ or above "Great Sword" Hunter in your Camp or Hunting Ground, this card gets +300 Power.	
1	Common	69	Hunter	パワーハンターボウIII	Hunter's Stoutbow III	700	3★	Bow	Bow	Scale (Yellow)	-	-	-	モノデビルUシリーズ	-	-	<アクティヴ/準備ゾーン> [このカードを捨てる+狩場にある あなたの『弓』を1枚選んで横向きにする+素材②]:この能力は あなたのターンにしか使用できない。相手の準備ゾーンにあるカード を2枚まで選んで、表向きにする。	西野 幸治	Monodevil U Armor	-	-	<Active/Preparation Zone> [Discard this card + Select 1 of your "Bow" cards in the Hunting Ground and turn it horizontal + Material ②]: This Ability can only be used during your turn. Select up to 2 cards in your opponent's Preparation Zone and flip them face up.	<Active/Preparation Zone>{{{LINEBREAK}}}[Discard this card + Turn a "Bow" Hunter of yours in the horizontal within Hunting Ground + Material ②] : Flip up to 2 face down cards in your oponent’s Preparation Zone. This Ability can only be used during your turn.
1	Rare	70	Hunter	イヌキ	Showroom Model	900	5★	Bow	Bow	Mantle (Red)	-	-	-	S・ソルZシリーズ	-	-	<アクティヴ / 狩場>[素材①]: 狩りの終了時まで、このカードの パワー+300。	百瀬 寿	Silver Sol Z Armor	-	-	<Active/Hunting Ground> [Material①]: Until the end of the hunt, this card gets +300 Power.	
1	Common	71	Event	絆	Bonds	-	-	-	-	1	-	-	-	-	-	-	<イベント>: キャンプにあるハンターを1枚選ぶ。そのハンターは ターンの終了時まで、以下の能力を得る。「<オート/狩場>このカー ドが狩りに参加した時、狩りの終了時まで、このカードのパワー +500。この能力は1ターンに1回しか発動しない。』	木下 勇樹	-	-	-	<Event>: Choose one Hunter in your camp. That Hunter gains the following Ability until the end of the turn. "<Auto/Hunting Ground> When this card joins a hunt, this card gets +500 Power until the end of the hunt. This Ability can only be activated once per turn."	<Event> : Choose one Hunter in your Camp. to gain the following ability until the end of the turn.{{{LINEBREAK}}}<Auto/Hunting Ground> : When this card participates in a hunt, this card gets +500 power until the end of the hunt. This ability can only be activated once per turn.{{{LINEBREAK}}}
1	Uncommon	72	Event	キノコ採取	Gathering Mushrooms	-	-	-	-	0	-	-	-	-	-	-	<イベント>: あなたの山札の1番上のカードとこのカードを裏向き で素材置場に置く。	N.A	-	-	-	<Event>: Place the top card of your deck and this card face down in your Material Storage.	<Event> : Place both this card and the top card of your deck face down in your Material Storage.
1	Uncommon	73	Event	起爆失敗!!	Failed Detonation!!	-	-	-	-	X	-	-	-	-	-	-	<オート/準備ゾーン>: 準備ゾーンにある裏向きのこのカードが 相手のカードの能力で表向きになった時、キャンプか狩場にある 相手のハンターを1枚選んで、横向きにする。	Hirokorin	-	-	-	<Auto/Preparation Zone>: When this face down card in the Preparation Zone is turned face up by the Ability of your opponent's card, choose 1 of your opponent's Hunters in their Camp or Hunting Ground and turn it horizontal.	<Auto/Preparation Zone> : If this card is face down in your Preparation Zone and is flipped face up by the Ability of your opponent's card, choose 1 of your opponent's Hunters in their Camp or Hunting Ground and turn it horizontal.
1	Common	74	Event	集会所	Gathering Hall	-	-	-	-	1	-	-	-	-	-	-	<イベント>:あなたの山札からハンターを1枚まで選んで、相手 に見せてから手札に加える。その後、シャッフルする。	三好 載克	-	-	-	<Event>: Choose up to 1 Hunter from your deck, show it to your opponent, and add it to your hand. Then shuffle.	<Event> : You may search your deck for any 1 Hunter card. Reveal it, add it to your hand and then shuffle your deck.
1	Common	75	Event	角笛	Field Horn	-	-	-	-	1	-	-	-	-	-	-	<イベント>: あなたの手札を1枚選んで、捨てる。捨てたならば、 あなたの山札からターゲットモンスターかギルドモンスターを1枚 まで選んで、相手に見せてから手札に加える。その後、シャッフル する。	N.A	-	-	-	<Event>: Choose 1 card from your hand and discard it. If you do, choose up to 1 Target Monster or Guild Monster from your deck, show it to your opponent, and add it to your hand. Then shuffle.	<Event> : If you discard 1 card from your hand, you may search your deck for any 1 Target Monster or Guild Monster card. Reveal it and add it to your hand. Then, shuffle your deck.
1	Common	76	Event	モドリ玉	Farcaster	-	-	-	-	X	-	-	-	-	-	-	<オープン> [素材②]: 狩場にあるあなたのハンターを1枚選んで、 縦向きでキャンプに置く。	前河 悠一	-	-	-	<Open> [Material ②]: Choose 1 of your Hunters in the Hunting Ground and place it vertically in your Camp.	
1	Common	77	Quest	桃毛獣たちの大集会	The Pink Fur Party	-	-	-	-	-	-	-	200	-	-	-	条件:★1以上の「ババコンガ」討伐 {{{LINEBREAK}}}<オート>:このカードを表向きにした時、あなたの山札から ★5以上のハンターを1枚まで選んで、相手に見せてから手札に加 える。その後、シャッフルする。	古賀 マサヲ	-	-	-	Condition: Slay a 1★ or above "Congalala"{{{LINEBREAK}}}<Auto>: When this card is flipped face up, choose up to 1 5★ or above Hunter from your deck, show it to your opponent, and add it to your hand. Then shuffle.	Condition : Slay a 1★ or above "Congalala" <Auto>: When this card is flipped face up, search your deck for a 5★ or above Hunter card. Reveal it and add it to your hand. Then, shuffle your deck.
1	Common	78	Quest	極秘依頼 眠鳥を狩れ!	Secret Request: Hypnocatrice	-	-	-	-	-	-	-	600	-	-	-	条件:★7以上の「ヒプノック」討伐	松島 一夫	-	-	-	Condition: Slay a 7★ or above “Hypnocatrice”	
1	Common	79	Quest	砂漠地帯の暴れん坊	Wild Monk of the Dunes	-	-	-	-	-	-	-	600	-	-	-	条件:★7以上の「ドドブランゴ亜種」討伐	齋藤 直葵	-	-	-	Condition: Slay a 7★ or above “Copper Blangonga”	
1	Common	80	Quest	激闘!雌火竜リオレイア	Attack of the Rathian	-	-	-	-	-	-	-	800	-	-	-	条件:★7以上の「リオレイア」討伐	Kou Takano	-	-	-	Condition: Slay a 7★ or above "Rathian"	
1	Common	81	Quest	絶影	Ever-Present Shadow	-	-	-	-	-	-	-	800	-	-	-	条件:★7以上の「ナルガクルガ」討伐	　Toronn	-	-	-	Condition: Slay a 7★ or above "Nargacuga"	
1	Common	82	Quest	黒のファランクス	Black Phalanges	-	-	-	-	-	-	-	1200	-	-	-	条件:★8以上の「ディアブロス亜種」討伐	前河 悠一	-	-	-	Condition: Slay an 8★ or above "Black Diablos"	
1	Common	83	Quest	しじまの向こう	Towards the Silence	-	-	-	-	-	-	-	1600	-	-	-	条件:★8以上の「オオナズチ」討伐	米谷 尚展	-	-	-	Condition: Slay an 8★ or above "Chameleos"	
1	Common	84	Quest	風をまとう古龍	The Elder Dragon of Wind	-	-	-	-	-	-	-	1600	-	-	-	条件:★8以上の「クシャルダオラ」討伐	仙田 聡	-	-	-	Condition: Slay an 8★ or above "Kushala Daora"	
1	Uncommon	85	Palico	危ないニャ	Look Out Meowster!	-	-	-	-	2	-	-	-	-	-	-	<オトモアイルー>: あなたがGP600以上のクエストカードを2枚以上表向きにしている場合、狩場にあるあなたのハンターを1枚選ぶ。そのハンターは、狩りの終了時まで、カードの能力に選ばれない。	N.A	-	-	-	<Palico>: If you have two or more Quest Cards with GP of 600 or more face up, choose one of your Hunters in the Hunting Ground. That Hunter cannot be chosen by card Abilities until the end of the hunt.	<Palico> : If you have two or more face up Quest Cards with GP of 600 or more, choose one of your Hunters in the Hunting Ground. Card Abilities cannot affect this Hunter until the end of the hunt.
1	Common	86	Palico	起きるニャ	Snap Out of it Meowster!	-	-	-	-	0	-	-	-	-	-	-	<オトモアイルー>:あなたのキャンプにあるハンターを2枚まで 選んで、縦向きにする。	Hirokorin	-	-	-	<Palico>: Select up to two Hunters from your Camp and turn them vertical.	
1	Common	87	Palico	回復ニャ	Purrfect Recovery	-	-	-	-	1	-	-	-	-	-	-	<オトモアイルー>:カードを2枚引く。	AMON	-	-	-	<Palico>: Draw 2 cards.	
1	Common	88	Palico	決死の突撃ニャ	Furocious Charge	-	-	-	-	3	-	-	-	-	-	-	<オトモアイルー>:相手のGPがあなたのGPより800以上多い 三場合、準備ゾーンにあるカードを2枚まで選んで、捨てる。	渡邊 里恵香	-	-	-	<Palico>: If your opponent's GP is 800 or more greater than your GP, choose up to 2 cards in your Preparation Zone and discard them.	<Palico> : If your opponent's GP is 800 Points or more than your own, choose up to 2 cards in your Preparation Zone and discard them.
1	Uncommon	89	Palico	シビレ罠ニャ	Shock Purr-ison	-	-	-	-	1	-	-	-	-	-	-	<オトモアイルー>: あなたのGPが1000以上の場合、狩りの 終了時まで、狩場にあるターゲットモンスターのパワー-1000。	MID	-	-	-	<Palico>: If your GP is over 1000, Target Monsters in the Hunting Ground get -1000 Power until the end of the hunt.	
1	Common	90	Palico	トレーニングニャ	Trai-nya-ing	-	-	-	-	2	-	-	-	-	-	-	<オトモアイルー>: あなたのGPが400以上の場合、狩場にある ハンターを1枚選んで、狩りの終了時まで、パワー+700。	三好 載克	-	-	-	<Palico>: If your GP is 400 or more, choose one Hunter in the Hunting Ground and give it +700 Power until the end of the hunt.	
2	Common	1	Guild Monster	ドスランポス※	※Velocidrome	400	1★	-	-	-	-	-	-	-	ランポスシリーズ x2	-	<オート/キャンプ>:このカードが手札か準備ゾーンからキャンプに出た時、あなたの山札から「ドスランポス※」を3枚まで選んで、 相手に見せてから手札に加える。その後、シャッフルする。	米川　東	-	Velociprey Armor x2	-	<Auto/Camp>: When this card is sent to Camp from your hand or Preparation Zone, choose up to 3 cards from your deck, reveal them and add them to your hand. Then, shuffle your deck.	～Yuwika's translations begin here～
2	Common	2	Guild Monster	ゲリョス※	※Gypceros	400	2★	-	-	-	-	-	-	-	ゲリョスシリーズ x1	-	<アクティヴ/準備ゾーン>[このカードを捨てる]: 狩場にあなたの 「ゲリョス※」がある場合、狩場にあるハンターの中で先頭のハンターを横向きにする。	村山 竜大	-	Gypceros Armor x2	-	<Active/Preparation Zone> [Discard this card]: When your "※Gypceros" is in the Hunting Ground, turn the head hunter in your Hunting Ground horizontal.	"turn the head hunter amongst the hunters in in your Hunting Ground horizontal" is the literal translation
2	Uncommon	3	Guild Monster	ショウグンギザミ※	※Shogun Ceanataur	1200	3★	-	-	-	-	-	-	-	ギザミSシリーズ x1	-	<アクティヴ/準備ゾーン> [このカードを捨てる]: 狩場にあなたの 「ショウグンギザミ※」がある場合、狩場にあるハンターを1枚選んで、 1つ後ろに移動する。	古賀 マサヲ	-	Ceanataur S Armor x1	-	<Active/Preparation Zone> [Discard this card]: When your "※Shogun Ceanataur" is in the Hunting Grouds, pick one hunter in your Hunting Ground and move it one space back.	
2	Common	4	Guild Monster	フルフル※	※Khezu	1300	3★	-	-	-	-	-	-	-	フルフルSシリーズ x1	-	<アクティヴ/準備ゾーン>[このカードを捨てる]: 狩場にあるあなたの 「フルフル ※」の1つ前のハンターを横向きにする。	村上 ヒサシ	-	Khezu S Armor x1	-	<Active/Preparation Zone> [Discard this card]: Turn the Hunter one space in front of your "※Khezu" in the Hunting Ground horizontal.	
2	Uncommon	5	Guild Monster	ディアブロス亜種※	※Black Diablos	1200	4★	-	-	-	-	-	-	-	ディアブロUシリーズ x1	-	<オート/狩場>: あなたの準備ゾーンに裏向きのカードが2枚{{{LINEBREAK}}}以上ある場合、このカードのパワー+400。	Toronn	-	Diablos U Armor x1	-	<Auto/Hunting Ground>: When there are 2 or more cards facedown in your Preparation Zone, this card gets +400 power.	
2	Uncommon	6	Guild Monster	リオレイア※	※Rathian	2000	4★	-	-	-	-	-	-	-	レイアSシリーズ x2	-	<オート/キャンプ>:このカードが参加した狩りの終了時、あなた {{{LINEBREAK}}}の手札を1枚選んで、捨てる。	山崎 太郎	-	Rathian S Armor x2	-	<Auto/Camp>: When a hunt this card participated in ends, pick one card from your hand and discard it.	
2	Rare	7	Guild Monster	リオレウス亜種※	※Azure Rathalos	1100	4★	-	-	-	-	-	-	-	リオソウルUシリーズ x1	-	<アクティヴ/準備ゾーン> [このカードを捨てる]: 狩場にあなたの 「リオレウス亜種※」がある場合、狩りの終了時まで、狩場にあるターゲットモンスターのパワー-700。	伊藤 サトシ	-	Rath Soul U Armor x1	-	<Active/Preparation Zone> [Discard this card]: While your "※Azure Rathalos" is in the Hunting Ground, the Target Monster gets -700 power until the end of the Hunt.	
2	Ultra Rare	8	Guild Monster	ティガレックス※	※Tigrex	1500	6★	-	-	-	-	-	-	-	レックスXシリーズ x1	-	<オート/狩場>: 狩場にあなたの「祭囃子・晴嵐ノ調」とあなたの 「轟弓【大虎髯】」がある場合、このカードのパワー+2000。	二見 敬之	-	Tigrex X Armor x1	-	<Auto/Hunting Grouds>: If you have both "Festive Hail Storm" and "Tigrex Vibrissa" in the Hunting Ground, this card gets +2000 power.	
2	Rare	9	Guild Monster	バサルモス※	※Basarios	2000	6★	-	-	-	-	-	-	-	バサル×シリーズ x1	-	<オープン>: 相手の準備ゾーンにあるカードを1枚選んで、裏向きにする。	小城 崇志	-	Basarios X Armor x1	-	<Open>: Pick one card in your opponent's Preparation Zone and flip it face down.	
2	Ultra Rare	10	Guild Monster	リオレイア希少種※	※Gold Rathian	1900	6★	-	-	-	-	-	-	-	G・ルナZシリーズ x1	-	<アクティヴ/準備ゾーン>[このカードを捨てる]: 狩場にあなたの 「リオレイア希少種 ※」がある場合、相手の準備ゾーンにあるカードを2枚まで選んで、表向きにする。	二見 敬之	-	Golden Lune Z Armor x1	-	<Active/Preparation Zone> [Discard this card]: If your "※Gold Rathian" is in the Hunting Ground, pick two cards from your opponent's Preparation Zone and flip them face down.	
2	Common	11	Target Monster	イャンクック	Yian Kut-Ku	300	3★	-	-	-	1	Scale (Yellow)	-	-	-	-	-	绿川 美帆	-	-	-	-	
2	Rare	12	Target Monster	ドスガレオス	Cephadrome	200	3★	-	-	-	0	Scale (Yellow)	-	-	-	-	-	ナブランジャ	-	-	-	-	
2	Common	13	Target Monster	ガノトトス亜種	Green Plesioth	400	4★	-	-	-	1	Scale (Yellow)	-	-	-	-	＜オープン＞：狩場にある★３以上のハンターを１枚選んで、狩りの終了時まで、パワー-400。その後、狩場とキャンプに相手のハンターが合わせて３枚以上ある場合、狩りの終了時まで、狩場にあるすべての相手のハンターのパワー-500。	十葉 一駒	-	-	-	<Open>: Pick one 3★ or above card in the hunting ground. Until the end of the hunt, it gets -400 power. Afterwards, if there's a total of 3 or more of your opponent's hunters in the hunting ground and camp, until the end of the hunt, all of your opponent's hunters in the hunting ground get power -500.	
2	Ultra Rare	14	Target Monster	グラビモス	Gravios	400	4★	-	-	-	1	Shell (Yellow)	-	-	-	N/A{{{LINEBREAK}}}	<部位破壊 / 尻尾>：部位破壊に成功したプレイヤーはカードを１枚引く。	NAKAGAWA	-	-	-	<Part Break / Tail>: The player who completes the part break draws one card.	
2	Uncommon	15	Target Monster	ゲリョス亜種	Purple Gypceros	400	4★	-	-	-	1	Shell (Yellow)	-	-	-	-	＜オープン＞：狩場にあるハンターを１枚選んで、狩りの終了時まで、パワー-200。	米谷 尚展	-	-	-	<Open>: Choose 1 Hunter in the Hunting Ground, until the end of the hunt, it receives -200 power.	Mir's Translations
2	Common	16	Target Monster	フルフル亜種	Red Khezu	400	4★	-	-	-	1	Shell (Yellow)	-	-	-	-	＜オープン＞：相手の準備ゾーンにあるカードを１枚選んで、表向きにする。その後、狩場とキャンプに相手のハンターが合わせて３枚以上ある場合、相手の準備ゾーンにあるすべてのカードを表向きにする。	齋藤 直葵	-	-	-	<Open>: Choose 1 card in your oppponent's Preparation Zone, turn it face up. Then, if there are 3 or more Hunters in your opponent's Hunting Ground and Camp combined, turn all cards in your opponent's Preparation Zone face up.	
2	Uncommon	17	Target Monster	イャンガルルガ	Yian Garuga	1700	5★	-	-	-	1	Shell (Red)	-	-	-	-	<部位破壊 / 尻尾>：部位破壊に成功したプレイヤーは自分の捨場にあるすべてのカードを山札に戻し、シャッフルする。	松島 一夫	-	-	-	<Part Break / Tail>: The player who completes the part break returns all cards in their discard pile back to their deck, then shuffles it.	
2	Uncommon	18	Target Monster	モノブロス亜種	White Monoblos	2200	5★	-	-	-	1	Shell (Red)	-	-	-	-	<部位破壊 / 角>：部位破壊に成功したプレイヤーはカードを１枚引く。その後、狩りの終了時まで、このカードのパワー-1200。{{{LINEBREAK}}}<オート / 狩場>： あなたのカードは１枚しか狩りに参加できない。	NAKAGAWA	-	-	-	<Part Break / Horn>: The player who completes the part break draws 1 card. Then, this card receives -1200 Power until the end of the hunt.{{{LINEBREAK}}}<Auto / Hunting Ground>: No more than one of your cards may participate in a hunt at a time.	The second effect is probably once per iteration of a hunting phase instead of once per turn or else they would have said turn specifically, so you could have one hunter participate in one hunt during your turn, but have another hunter participate in the same turn but for a second hunting phase
2	Rare	19	Target Monster	ヴォルガノス	Lavasioth	1800	6★	-	-	-	2	Shell (Red)	-	-	-	-	＜オート/ 狩場＞：このカードが討伐さわた時、このカードを討伐したカードを横向きにする。	shukei	-	-	-	<Auto / Hunting Ground>: When this card is slain, turn the card that slew this card sideways.	
2	Rare	20	Target Monster	キリン	Kirin	1800	6★	-	-	-	-	Hide (Red)	-	-	-	-	＜オープン＞：このカードは相手のターンにしかオープンできない。相手の準備ゾーンに裏向きのカードが３枚以上ある場合、相手の準備ゾーンにあるカードを２枚まで選んで、表向きにする。	ナブランジャ	-	-	-	<Open>: This card can only be opened on your opponent's turn. If there are 3 or more face down cards in your opponent's Preparation Zone, choose 2 cards in your opponent's preparation zone, turn them face up.	
2	Rare	21	Target Monster	シェンガオレン	Shen Gaoren	1800	6★	-	-	-	1	Mantle (Red)	-	-	-	-	＜オープン＞：狩りの終了時まで、狩場にあるすべての★３以上のハンターのパワー-400。	米谷 尚展	-	-	-	Until the end of the hunt, all 3★ or above Hunters in the Hunting Ground receive -400 Power.	
2	Rare	22	Target Monster	ディアブロス	Diablos	1800	6★	-	-	-	1	Shell (Red)	-	-	-	-	<部位破壊 / 角>：部位破壊に成功したプレイヤーはカードを２枚引く。	二見 敬之	-	-	-	<Part Break / Horn>: The player who completes the part break draws 2 cards.	
2	Rare	23	Target Monster	リオレイア亜種	Pink Rathian	1700	6★	-	-	-	1	Mantle (Red)	-	-	-	-	＜部位破壊 / 尻尾＞：部位破壊に成功したプレイヤーは自分の山札から★４以下のターゲットモンスター２枚まで選んで、表向きで素材置場に置く。その後、シャッフルする。	Toronn	-	-	-	<Part Break / Tail>: The player who completes the part break chooses two 4★ or below target monsters from their deck	
2	Rare	24	Target Monster	リオレウス	Rathalos	1700	6★	-	-	-	1	Mantle (Red)	-	-	-	-	<部位破壊 / 尻尾>:部位破壊に成功したプレイヤ ー は自分の捨場にあるカ ー ドを 1 枚選んで、手札に加える。	山宗	-	-	-	<Part Break / Tail> The player who completes the part break chooses 1 card from their own discard pile, and adds it to their hand	
2	Common	25	Target Monster	ショウグンギザミ亜種	Terra Shogun Ceanataur	2500	7★	-	-	-	2	Crab (Red)	-	-	-	-	-	甲壱	-	-	-	-	
2	Uncommon	26	Target Monster	ババコンガ亜種	Green Congalala	3500	7★	-	-	-	1	Hide (Red)	-	-	-	-	<部位破壊/尻尾>:狩りの終了時まで、このカ ー ドのパワー -1000 。	古賀 マサヲ	-	-	-	<Part Break / Tail>: Until the end of the hunt, this card receives -1000 Power.	
2	Ultra Rare	27	Target Monster	テオ・テスカトル	Teostra	5800	8★	-	-	-	2	Gem (Purple)	-	-	-	-	<部位破壊 / 角(龍属性)>:部位破壊に成功したプレイヤ ーはカ ー ドを 2 枚引く。その後、狩りの終了時まで、このカ ー ドのパワ ー -1500 。	山宗	-	-	-	<Part Break / Horn (Dragon Element)>: The player who completes the part break draws 2 cards. Then until the end of the hunt, this card receives -1500 Power.	
2	Ultra Rare	28	Target Monster	ラオシャンロン亜種	Ashen Lao-shan Lung	8000	8★	-	-	-	4	Mantle (Red)	-	-	-	-	<部位破壊 / 角>:狩りの終了時まで、このカ ー ドのパワ ー -2000 。	Kou Takano	-	-	-	<Part Break / Horn>: Until the end of the hunt, this card receives -2000 Power.	
2	Common	29	Hunter	ティタルニア	Titania	200	2★	Great Sword	-	-	-	-	-	ガレオスシリ ー ズ	-	-	<オ ー ト / 狩場>:キャンプか狩場にあなたの『太刀』がある場合、このカ ー ドのパワ ー +300 。	百瀬 寿	Cephalos Armor	-	-	<Auto / Hunting Ground>: If there is a "Long Sword" in your Camp or Hunting Ground, this card receives +300 Power.	<Auto / Hunting Ground>: If there is a "Long Sword" Hunter in your Camp or Hunting Ground, this card receives +300 Power.
2	Uncommon	30	Hunter	ヒドゥンブレイズ	Hidden Blaze	600	4★	Great Sword	Great Sword	Scale (Yellow)	-	-	-	フルフル S シリ ー ズ	-	-	<部位破壊 / 角>{{{LINEBREAK}}}<オ ー ト / 狩場>:このカ ー ドが『ガンランス』の後ろにある場合、このカ ー ドのパワ ー +400 。	miche	Khezu S Armor	-	-	<Part Break / Horn>{{{LINEBREAK}}}<Auto / Hunting Ground>: When this card is behind a "Gunlance", this card receives +400 Power.	<Part Break / Horn>{{{LINEBREAK}}}<Auto / Hunting Ground>: When this card is behind a "Gunlance" Hunter, this card receives +400 Power.{{{LINEBREAK}}}{{{LINEBREAK}}}Condition implies when this card is behind a Gunlance Hunter Card in the line of hunters hunting a target monster during the hunting phase
2	Rare	31	Hunter	火砕断	Igneous Sword	1400	6★	Great Sword	Great Sword	Shell (Red)	-	-	-	バサル X シリ ー ズ	-	-	<部位破壊 / 尻尾>	山﨑 奈苗	Basarios X Armor	-	-	<Part Break / Tail>	
2	Common	32	Hunter	鉄刀【神楽】	Iron Katana "Gospel"	300	1★	Long Sword	Long Sword	-	-	-	-	ランボスシリ ー ズ	-	-	<オ ー ト / 狩場>:あなたの手札が 6 枚以上ある場合、このカ ー ドのパワ ー +200 。	木下 勇樹	Velociprey Armor	-	-	<Auto / Hunting Ground> If your hand contains 6 or more cards, this card receives power +200.	
2	Uncommon	33	Hunter	グラインドクレイモア	Grind Claymore	700	4★	Long Sword	Long Sword	Scale (Yellow)	-	-	-	ディアブロ U シリ ー ズ	-	-	くオ ー ト / 狩場>:キャンプか狩場にあなたの『狩猟笛』がある場合、あなたのカ ー ドはカ ー ドの能力で移動しない。	米川 東	Diablos U Armor	-	-	<Auto / Hunting Ground>: If you have a "Hunting Horn" in your Camp or Hunting Ground, your cards may not be moved by card abilities.	<Auto / Hunting Ground>: If you control a "Hunting Horn" Hunter in your Camp or Hunting Ground, your cards may not be moved by card abilities.
2	Rare	34	Hunter	龍刀【劫火】	Knockout Dragonsword	1300	6★	Long Sword	Long Sword	Mantle (Red)	-	-	-	クシャナ X シリ ー ズ	-	-	<部位破壊 / 尻尾(龍属性)>:狩りの終了時まで、狩場にあるタ ーゲットモンスタ ー のパワ ー -500。{{{LINEBREAK}}}<部位破壊 / 角(龍属性) >. 狩りの終了時まで、狩場にあるタ ー ゲットモンスタ ー のパワ ー -500。	koji	Kushala X Armor	-	-	<Part Break / Tail (Dragon Element)>: Until the end of the hunt, the Hunting Ground's Target Monsters receive -500 Power.{{{LINEBREAK}}}<Part Break / Horn (Dragon Element)>: Until the end of the hunt, the Hunting Ground's Target Monsters receive -500 Power.	
2	Common	35	Hunter	デスパライズ	Deathprize	200	2★	Sword and Shield	-	-	-	-	-	オウビ ー トシリ ー ズ	-	-	<オ ー ト / 狩場>:あなたの準備ゾ ー ンにある裏向きのカ ー ド 1 枚につき、このカ ー ドのパワ ー +100 。	米谷 尚展	Obituary Armor	-	-	<Auto / Hunting Ground>: For every face down card in your Preparation Zone, this card receives +100 Power.	
2	Uncommon	36	Hunter	クイーンレイピア	Queen Rapier	600	4★	Sword and Shield	Sword and Shield	Shell (Yellow)	-	-	-	レイア S シリ ー ズ	-	-	<部位破壊 / 尻尾>{{{LINEBREAK}}}<オ ー ト / 狩場>:キャンプか狩場にあなたの「ライトボウガン』がある場合、このカ ー ドのパワー +200 。	百瀬 寿	Rathian S Armor	-	-	<Part Break / Tail>{{{LINEBREAK}}}<Auto / Hunting Ground>: If you have a "Light Bowgun" in your Camp or Hunting Ground, this card receives +200 Power.	<Part Break / Tail>{{{LINEBREAK}}}<Auto / Hunting Ground>: If you control a "Light Bowgun" Hunter in your Camp or Hunting Ground, this card receives +200 Power.
2	Rare	37	Hunter	ゴールドイクリプス	Golden Eclipse	1300	6★	Sword and Shield	Sword and Shield	Shell (Red)	-	-	-	ブランゴ X シリ ー ズ	-	-	<部位破壊/尻尾>:カ ー ドを 1 枚引く。	木下 勇樹	Blango X Armor	-	-	<Part Break / Tail>: Draw 1 Card.	
2	Common	38	Hunter	ランポスクロウズ	Velociprey Claws	400	1★	Dual Blades	-	-	-	-	-	マフモフシリ ー ズ	-	-	-	AMON	Mafumofu Armor	-	-	-	
2	Uncommon	39	Hunter	双龍剣【天地】	Ultimus Heaven & Earth	400	4★	Dual Blades	Dual Blades	Shell (Yellow)	-	-	-	リオソウル U シリ ー ズ	-	-	<部位破壊 / 尻尾>{{{LINEBREAK}}}<オ ー ト / 狩場>:あなたの準備ゾ ー ンにある裏向きのカ ー ド 1 枚につき、このカ ー ドのパワ ー +200 。	添田 一平	Rath Soul U Armor	-	-	<Part Break / Tail>{{{LINEBREAK}}}<Auto / Hunting Ground>: For each face down card in your Preparation Zone, this card receives +200 Power.	
2	Rare	40	Hunter	祭囃子・晴嵐ノ調	Festive Rustling Rain	1000	6★	Dual Blades	Dual Blades	Mantle (Red)	-	-	-	レックス X シリズ	-	-	<オ ー ト/狩場>:あなたが手札を捨てた時、狩場にあなたの「ティガレックス※」とあなたの「轟弓【大虎髯】」があるならば、このカ ー ドのパワ ー +500 。	村上ヒサシ	Tigrex X Armor	-	-	<Auto / Hunting Ground>: When discarding from your hand, if your "※Tigrex" and your "Tigrex Vibrissa" are both in the Hunting Ground, this card receives +500 Power.	<Auto / Hunting Ground>: When discarding from your hand, if you control a "※Tigrex" Guild Monster and "Tigrex Vibrissa" Hunter in the Hunting Ground, this card receives +500 Power.
2	Common	41	Hunter	アイアンストライク改	Iron Striker+	600	1★	Hammer	-	-	-	-	-	ゲリョスシリ ー ズ	-	-	<オ ー ト/狩場>:あなたの準備ゾ ー ンにある裏向きのカ ー ド 1 枚につき、このカ ー ドのパワ ー -100 。	小城 崇志	Gypceros Armor	-	-	<Auto / Hunting Ground>: For each face down card in your Preparation Zone, this card receives -100 Power.	
2	Uncommon	42	Hunter	ツインブロスハンマー	Diablos Hammer	600	3★	Hammer	Hammer	Shell (Yellow)	-	-	-	リオソウル U シリ ー ズ	-	-	<部位破壊/角>:狩りの終了時まで、このカ ー ドのパワ ー +400 。	Mitsuhiro Arita	Rath Soul U Armor	-	-	<Part Break / Horn>: Until the end of the hunt, this card receives +400 Power.	
2	Rare	43	Hunter	ヒュペル＝ダオラ	Daora's Hyperborea	1300	6★	Hammer	Hammer	Shell (Red)	-	-	-	ラヴァ X シリ ー ズ	-	-	<部位破壊/角>{{{LINEBREAK}}}<オ ー ト/キャンプ>:あなたのタ ー ンの間、このカ ー ドが狩場からキャンプに置かれた時、このカ ー ドが横向きならば、あなたの手札を2 枚選んで、捨ててよい。 2 枚捨てたならば、このカ ー ドを縦向きにする。	中北 晃ニ	Lavasioth X Armor	-	-	<Part Break / Horn>{{{LINEBREAK}}}<Auto / Camp>: During your turn, when this card is placed from your camp to the hunting ground, if this card is facing sideways, choose 2 cards from you hand, discard them. If you discard 2 cards, turn this card facing forward.	
2	Common	44	Hunter	フルフルホルン	Khezu Horn	300	1★	Hunting Horn	-	-	-	-	-	コンガシリ ー ズ	-	-	<オ ー ト/狩場>:このカ ー ドが討伐した時、キャンプか狩場にあなたの「ハンマ ー 」があるならば、カ ー ドを 1 枚引く。	AMON	Conga Armor	-	-	<Auto / Hunting Ground>: When this card is slain, if you have a "Hammer" in your Camp or Hunting Ground, draw 1 card.	<Auto / Hunting Ground>: When this card is slays a Target Monster, if you have a "Hammer" Hunter in your Camp or Hunting Ground, draw 1 card.
2	Uncommon	45	Hunter	轟鼓【虎鐘】	Tigrex Horn	500	4★	Hunting Horn	Hunting Horn	Scale (Yellow)	-	-	-	ディアプロ U シリ ー ズ	-	-	<アクティヴ/キャンプ>[にのカ ー ドを横向きにする]:狩場にある「太刀」を 1 枚選んで、狩りの終了時まで、パワ ー + 500 。	前河 悠一	Diablos U Armor	-	-	<Active / Camp>[Turn this card sideways]: Choose a "Longsword" in the Hunting Ground, until the end of the hunt, it receives +500 Power.	Based on the card text this can be used strategically either on your or your opponent's longsword hunter
2	Rare	46	Hunter	龍木ノ古笛【神歌】	Divine Ancient Dragonwood Flute	1300	6★	Hunting Horn	Hunting Horn	Shell (Red)	-	-	-	G・ルナZシリーズ	-	-	＜オ ー ト/狩場>:狩場にあなたの『夜砲【黒風】」がある場合、あなたの「リオレイア希少種※」のパワ ー ＋500 。	koji	Golden Lune Z Armor	-	-	<Auto / Hunting Ground>: If you have a "Evil Wind Darkcannon" in the Hunting Ground, your "※Gold Rathian" receives +500 Power.	<Auto / Hunting Ground>: If you control a "Evil Wind Darkcannon" in the Hunting Ground, your "※Gold Rathian" receives +500 Power.
2	Common	47	Hunter	アイアンランス	Iron Lance	200	1★	Lance	-	-	-	-	-	マフモフシリーズ	-	-	＜オ ー ト/狩場>:キャンプか狩場にあなたの「ヘビイボウガン」がある場合、このカ ー ドのパワ ー +300 。	三好 載克	Mafumofu Armor	-	-	<Auto / Hunting Ground>: If you have a "Heavy Bowgun" in your Camp or Hunting Ground, this card receives +300 Power.	<Auto / Hunting Ground>: If you control a "Heavy Bowgun" Hunter in your Camp or Hunting Ground, this card receives +300 Power.
2	Uncommon	48	Hunter	バベル	Babel Spear	700	4★	Lance	Lance	Shell (Yellow)	-	-	-	ギザミSシリ ー ズ	-	-	<部位破壊/角>	渡邊 里恵香	Ceanataur S Armor	-	-	<Part Break / Horn>	
2	Rare	49	Hunter	封龍槍【虚空】	DragonSealer "Null"	1200	6★	Lance	Lance	Mantle (Red)	-	-	-	グラビドXシリーズ	-	-	<部位破壊/角(龍属性)>・狩りの終了時まで、このカ ー ドのパワ ー +600 。	Mitsuhiro Arita	Gravios X Armor	-	-	<Part Break / Horn (Dragon Element)>: Until the end of the hunt, this card receives +600 Power.	
2	Common	50	Hunter	竜骨銃槍	Wyvern Bone Gunlance	300	1★	Gunlance	-	-	-	-	-	ランポスシリーズ	-	-	<アクティヴ/狩場>[手札①]:狩場にあなたの「ランス」がある場合、狩りの終了時まで、狩場にあるタ ー ゲットモンスタ ー のパワ ー　-300 。この能力は 1 タ ー ンに 1 回しか使用できない。	米川 東	Velociprey Armor	-	-	<Active / Hunting Ground> [Hand ①]: If you have a "Lance" in the Hunting Ground, until the end of the hunt, Target Monsters in the Hunting Ground receive -300 Power. This ability can only be used once per turn.	<Active / Hunting Ground> [Hand ①]: If you control a "Lance" Hunter in the Hunting Ground, until the end of the hunt, Target Monsters in the Hunting Ground receive -300 Power. This ability can only be used once per turn.
2	Uncommon	51	Hunter	ビッグスラッガー	Big Slugger	600	4★	Gunlance	Gunlance	Scale (Yellow)	-	-	-	フルフルSシリーズ	-	-	<オ ー ト/狩場>:あなたの『大剣』が討伐した時、カ ー ドを 1 枚引く。	春乃壱	Khezu S Armor	-	-	<Auto / Hunting Ground>: When one of your "Great Sword" Hunters slay a Target Monster, draw 1 card.	
2	Rare	52	Hunter	エンデ・デアヴェルト	World's End	1300	6★	Gunlance	Gunlance	Mantle (Red)	-	-	-	金剛・真シリ ー ズ	-	-	<アクティヴ/狩場>[手札①]: 狩りの終了時まで、狩場にあるタ ー ゲットモンスタ ー のパワ ー -500 。この能力は 1 タ ー ンに 1 回しか使用できない。	木下 勇樹	Indra X Armor	-	-	<Active / Hunting Ground> [Hand ①]: Until the end of the hunt, Target Monsters in the Hunting Ground receive -500 Power. This ability can only be used once per turn.	
2	Common	53	Hunter	鬼ヶ島	Demon's Isle	400	2★	Light Bowgun	-	-	-	-	-	忍・陰シリ ー ズ	-	-	-	N.A	Shinobi Moon Armor	-	-	-	
2	Uncommon	54	Hunter	ジェイドテンペスト	Jade Tempest	500	4★	Light Bowgun	Light Bowgun	Shell (Yellow)	-	-	-	レイアSシリーズ	-	-	<オ ー ト/キャンプ>:このカ ー ドが手札か準備ゾ ー ンからキャンプに出た時、あなたの山札から『片手剣』を 1 枚まで選んで、相手に見せてから手札に加える。その後、シャッフルする。	タカヤマ トシアキ	Rathian S Armor	-	-	<Auto / Camp>: When this card enters your Camp from your hand or Preparation Zone, choose 1 "Sword and Shield" from your deck, show it to your opponent and add it to your hand. Then, shuffle your deck.	<Auto / Camp>: When this card enters your Camp from your hand or Preparation Zone, choose 1 "Sword and Shield" from your deck, reveal it and add it to your hand. Then, shuffle your deck.
2	Rare	55	Hunter	タイタンパンツァー	Titan Panzer	1000	5★	Light Bowgun	Light Bowgun	Shell (Red)	-	-	-	バサルXシリーズ	-	-	<アクティヴ/狩場>[素材①]: 狩りの終了時まで、狩場にあるタ ー ゲットモンスタ ー のパワ ー -300 。この能力は 1 タ ー ンに 3 回しか使用できない。	Mitsuhiro Arita	Basarios X Armor	-	-	<Active / Hunting Ground>[Material ①]: Until the end of the hunt, Target Monsters in the Hunting Ground receive -300 Power. This ability can be used no more than three times per turn.	
2	Common	56	Hunter	メテオキャノン	Meteor Cannon	400	2★	Heavy Bowgun	-	-	-	-	-	クックシリ ー ズ	-	-	-	前河 悠 ー	Kut-Ku Armor	-	-	-	
2	Uncommon	57	Hunter	老山龍砲・皇	Emperor Lao-Shan Cannon	600	4★	Heavy Bowgun	Heavy Bowgun	Shell (Yellow)	-	-	-	ギザミSシリーズ	-	-	＜部位破壊/角>{{{LINEBREAK}}}＜オ ー ト/狩場>:狩場にパワ ー 1000 以上のタ ー ゲットモンスタ ー がある場合、このカ ー ドのパワ ー +200 。	安達 洋介	Ceanataur S Armor	-	-	<Part Break / Horn>{{{LINEBREAK}}}<Auto / Hunting Ground>[Material 1]: Until the end of the hunt, if there is a Target Monster with 1000 Power or more in the Hunting Ground, this card receives +200 Power.	
2	Rare	58	Hunter	夜砲【黒風】	Evil Wind Darkcannon	1100	6★	Heavy Bowgun	Heavy Bowgun	7	-	-	-	G・ルナZシリーズ	-	-	<部位破壊/角>{{{LINEBREAK}}}<オ ー ト/狩場>:狩場にあなたの「龍木ノ古笛【神歌】」がある場合、のカ ー ドのパワ ー +900 。	NINNIN	Golden Lune Z Armor	-	-	<Part Break / Horn>{{{LINEBREAK}}}<Auto / Hunting Ground>: If you have a "Divine Ancient Dragonwood Flute" in the Hunting Ground, this card receives +900 Power.	<Part Break / Horn>{{{LINEBREAK}}}<Auto / Hunting Ground>: If you control a "Divine Ancient Dragonwood Flute" in the Hunting Ground, this card receives +900 Power.
2	Common	59	Hunter	ハンターボウIV	Hunter's Bow IV	400	1★	Bow	-	-	-	-	-	ゲリョスシリーズ	-	-	-	仙田 聡	Gypceros Armor	-	-	-	
2	Uncommon	60	Hunter	ウィングボウI	Wing Bow I	700	3★	Bow	Bow	Shell (Yellow)	-	-	-	デスギアSシリーズ	-	-	＜オ ー プン>:準備ゾ ー ンにあるカ ー ドを 1 枚選んで、表向きにする。	N.A	Death Stench S Armor	-	-	<Open>: Choose 1 card from the Preparation Zone, flip it face up.	
2	Rare	61	Hunter	轟弓【大虎髯】	Tigrex Vibrissa	1000	6★	Bow	Bow	Mantle (Red)	-	-	-	レックスXシリーズ	-	-	<アクティヴ/狩場>[手札①]キャンプかにあなたの「ティガレックス※」とあなたの「祭囃子・晴嵐ノ調」がある場合、相手の準備ゾ ー ンにあるカ ー ドを 1 枚まで選んで、表向きにする。	添田 一平	Tigrex X Armor	-	-	<Active/Hunting Ground>[Hand ①]: If you have "※Tigrex" and "Festive Rustling Rain" in your camp, choose 1 card in your opponent's Preparation Zone, turn it face up.	<Active/Hunting Ground>[Hand ①]: If you control a "※Tigrex" and a "Festive Rustling Rain" in your Camp, choose 1 card in your opponent's Preparation Zone, turn it face up.
2	Common	62	Quest	大地を泳ぐモンスター	The Land Shark	-	-	-	-	-	-	-	300	-	-	-	条件: ★3 以上の「ドスガレオス」討伐{{{LINEBREAK}}}<オ ー ト>:このカ ー ドを表向きにした時、あなたの山札からギルドモンスタ ー を 1 枚まで選んで、相手に見せてから手札に加える。その後、シャッフルする。.	山崎 太郎	-	-	-	Condition: Slay a 3★ or above "Cephadrome”{{{LINEBREAK}}}<Open>: When this card is turned faced up, choose 1 Guild Monster from your deck, show it to your opponent and add it to your hand. Then, shuffle your deck.	Condition: Slay a 3★ or above "Cephadrome”{{{LINEBREAK}}}<Open>: When this card is turned faced up, choose 1 Guild Monster from your deck,reveal it and add it to your hand. Then, shuffle your deck.
2	Common	63	Quest	一匹狼に捧ぐ挽歌	Elegy for a Lone Wolf	-	-	-	-	-	-	-	400	-	-	-	条件: ★5 以上の「イャンガルルガ」討伐	Toronn	-	-	-	Condition: Slay a 5★ or above "Yian Garuga”	
2	Common	64	Quest	黒い殻の鎌蟹	Dark Shelled Ceanataur	-	-	-	-	-	-	-	600	-	-	-	条件: ★7 以上の「ショウグンギザミ亜種」討伐	齋藤 直葵	-	-	-	Condition: slay a 7★ or above "Terra Shogun Ceanataur”	
2	Common	65	Quest	白銀の一角竜	The Silver Horn	-	-	-	-	-	-	-	600	-	-	-	条件: ★5 以上の「モノブロス亜種」討伐	山宗	-	-	-	Condition: Slay a 5★ or above "White Monoblos”	
2	Common	66	Quest	牙獣の品格	Pelagus Pride	-	-	-	-	-	-	-	800	-	-	-	条件: ★7以上の「ババコンガ亜種」討伐	山崎 太郎	-	-	-	Condition: Slay a 7★ or above "Emerald Congalala”	
2	Common	67	Quest	煉獄の主、怒れる炎帝	Emperor of Flame	-	-	-	-	-	-	-	1400	-	-	-	条件：★8 以上の「テオ・テスカトル」討伐	Daisuke Izuka	-	-	-	Condition: Slay a 8★ or above "Teostra”	
2	Common	68	Quest	接近!ラオシャンロン	Lao-Shan Lung Draws Near!	-	-	-	-	-	-	-	1800	-	-	-	条件: ★8 以上の「ラオシャンロン亜種」討伐	緑川 美帆	-	-	-	Condition: Slay a 8★ or above "Ashen Lao-Shan Lung”	
2	Common	69	Event	失敗料理	Failed Cooking	-	-	-	-	3	-	-	-	-	-	-	<イベント>:相手は自分の毛札を 2 枚選んで、捨てる。	村山 竜大	-	-	-	<Event>: Your opponent chooses 2 cards from their hand and discards them.	
2	Common	70	Event	尻尾切断	Tail Cut	-	-	-	-	X	-	-	-	-	-	-	<オ ー プン>:タ ー ンの終了時まで、あなたのハンタ ー が尻尾を部位破壊した時、このカ ー ドをサブデッキ置場に表向きで置く。{{{LINEBREAK}}}<オ ー ト>:このカ ー ドがサブデッキ置場にある場合、あなたの GP +200 。	Noran Gom	-	-	-	<Open>: Until the end of the turn, when one of your hunters performs a tail part break, place this card in your sub deck face up.{{{LINEBREAK}}}<Auto>: While this card is in your sub deck, gain 200 GP.	
2	Common	71	Event	双眼鏡	Binoculars	-	-	-	-	2	-	-	-	-	-	-	＜イベント＞：相手の準備ゾーンにある裏向きのカードを３枚まで選んで、内容を確認して裏向きのまま元に戻す。その後、カードを１枚引く.	西野 幸治	-	-	-	<Event>: Choose up to 3 face down cards in your opponent's Preparation Zone, read them, and return them in their original order face down. Then draw 1 card.	
2	Uncommon	72	Event	角破壊	Horn Break	-	-	-	-	X	-	-	-	-	-	-	＜オ ー プン＞：ターンの終了時まで、あなたのハンターが角を部位破壊した時、このカードをサブデッキ置場に表向きで置く。{{{LINEBREAK}}}＜オート＞：このカードがサブデッキ置場にある場合、あなたのGP +200。	春乃壱	-	-	-	<Open>: Until the end of the turn, when one of your hunters performs a horn part break, place this card in your sub deck face up.{{{LINEBREAK}}}<Auto>: While this card is in your sub deck, gain 200 GP.	Same as B02-70/77 but with horn instead of tail
2	Common	73	Event	ネコの弱いの来い!	Felyne Weakener	-	-	-	-	1	-	-	-	-	-	-	＜イベント＞：あなたの山札から★４以下のターゲットモンスターを１枚まで選んで、相手に見せてから手札に加える。その後、シャッフルする。	MID	-	-	-	<Event>: Choose one 4★ or below Target Monster from your deck, show it to your opponent and add it to your hand. Then, shuffle your deck.	<Event>: Choose one 4★ or below Target Monster from your deck, reveal it and add it to your hand. Then, shuffle your deck.
2	Common	74	Palico	採取するニャ		-	-	-	-	5	-	-	-	-	-	-	＜オトモアイルー＞：あなたのGPが400以上の場合、あなたの山札から★６以下のターゲットモンスターを１枚まで選んで、表向きで素材置場に置く。	Hirokorin	-	-	-	<Palico>: If your GP is 400 or more, choose one 6★ or below tagert monster from your deck, place it in your Material Storage face up.	
2	Uncommon	75	Palico	千里眼ニャ	Purrfect Vision	-	-	-	-	4	-	-	-	-	-	-	＜オトモアイルー＞：あなたのGPが800以上の場合、あなたの山札からターゲットモンスターを１枚まで選んで、相手に見せてから裏向きであなたの準備ゾーンに出す。その後、シャッフルする。ただし、あなたの準備ゾーンにあるカードが４枚を超えるように出すことはできない。	松島 一夫	-	-	-	<Palico>: If your GP is 800 or more, choose 1 Target Monster from your deck, show it to your opponent and place it face down in your Preparation Zone. Then, shuffle your deck. However, you cannot place more than 4 cards in your Preparation Zone.	<Palico>: If your GP is 800 or more, choose 1 Target Monster from your deck, reveal it and place it face down in your Preparation Zone. Then, shuffle your deck. However, you cannot place more than 4 cards in your Preparation Zone.
2	Common	76	Palico	ちょっとお休みニャ	A Quick Paws to Recupawrate	-	-	-	-	3	-	-	-	-	-	-	＜オトモアイルー＞：あなたのGPが1000以上の場合、このカードが表向きならば、あなたはオトモアイルーを２枚多く使用できる。	toma	-	-	-	<Palico>: If your GP is 1000 or more, and this card is face up, you may play 2 more Palicoes.	Need to double check rules to make sure this text makes sense
2	Common	77	Palico	背水の陣ニャ	Last Stand	-	-	-	-	0	-	-	-	-	-	-	＜オトモアイルー＞[手札④]：あなたのGPが400以上の場合、狩りの終了時まで、狩場にあるパワー 4000以上のターゲットモンスターのパワー ‐1000。	三好 載克	-	-	-	<Palico>[Hand ④]: If your GP is 400 or more, until the end of the hunt, Target Monsters in the Hunting Ground with 4000 or more Power receive -1000 Power.	
3	Common	1	Guild Monster	ドスゲネポス※	※Gendrome	400	1★	-	-	-	-	Shell (Red)	-	-	ゲネポスシリーズ x1	-	<オープン>:狩りの終了時まで、狩場にあるターゲットモンスターのパワー-300。	古賀 マサヲ	-	Genprey Armor x1	-	<Open>: Until the end of a hunt, the Target Monster in the Hunting Ground gets -300 power.	
3	Rare	2	Guild Monster	ナナ・テスカトリ※	※Lunastra	1000	2★	-	-	-	-	-	-	-	エンプレスシリーズ x2	-	<古龍出現>: 狩場に★3以下のターゲットモンスターがある場合、 このカードはオープンできない。このカードが狩場に出た時、 キャンプにあるハンターを1枚選んで、横向きにする。	山崎 太郎	-	Empress Armor x2	-	<Elder Dragon Arrival>: While there are target monsters of 3★ or less in the Hunting Ground, this card cannot be opened. When this card is played to the Hunting Ground, pick one Hunter in your camp and turn it horizontal.	
3	Common	3	Guild Monster	ババコンガ※	※Congalala	800	2★	-	-	-	-	-	-	-	コンガシリーズ x1	-	<オート/キャンプ>:このカードが参加した狩りの終了時、このカードを手札に戻す。	古賀 マサヲ	-	Conga Armor x1	-	<Auto/Camp>: When a hunt this card participated in ends, return it to your hand.	
3	Common	4	Guild Monster	モノブロス※	※Monoblos	1300	3★	-	-	-	-	-	-	-	モノブロスSシリーズ x1	-	<オープン>: 狩場にあるあなたの「モノブロス※」を1つ前に移動する。	小城 崇志	-	Mono S Armor x1	-	<Open>: Move all "※Monoblos" in your Hunting Ground one space forward.	
3	Common	5	Guild Monster	リオレイア亜種※	※Pink Rathian	1600	3★	-	-	-	-	-	-	-	リオハートUシリーズ x1	-	<オート/キャンプ>:このカードが手札か準備ゾーンからキャンプに出た時、あなたの手札を1枚選んで、山札の下に戻す。	ナブランジャ	-	Rath Heart U Armor x1	-	<Auto/Camp>: When this card is sent to Camp from your hand or Preparation Zone, pick one card in your hand and send it to the bottom of your deck.	
3	Rare	6	Guild Monster	オオナズチ※	※Chameleos	1500	4★	-	-	-	-	-	-	-	ミヅハ覇/トヨタマ覇シリーズ x1	-	<古龍出現>:このカードが狩場に出た時、準備ゾーンにあるすべてのカードを裏向きにする。	山崎 太郎	-	Mizuha S Armor/Cham S Armor x1	-	<Elder Dragon Arrival>: When this card is sent to the Hunting Ground, flip all cards in your Preparation Zone face down.	
3	Rare	7	Guild Monster	クシャルダオラ※	※Kushala Daora	1300	4★	-	-	-	-	-	-	-	クシャナSシリーズ x1	-	<古龍出現>:このカードが狩場に出た時、相手の準備ゾーンにあるカードを2枚まで選んで、表向きにする。 <オート/狩場>: あなたのサブデッキ置場にあるイベント1枚に{{{LINEBREAK}}}つき、このカードのパワー+200。	NAKAGAWA	-	Kushala S Armor x1	-	<Elder Dragon Arrival>: When this card is sent to the Hunting Ground, pick two cards in your opponent's Preparation Zone and flip them face up. <Auto/Hunting Ground>: For every event card in your sub deck, this card gets +200 power.	
3	Common	8	Guild Monster	ドドブランゴ亜種※	※Copper Blangonga	1700	5★	-	-	-	-	-	-	-	ブランゴZシリーズ x1	-	<オート/狩場>: あなたの手札が2枚以下しかない場合、このカードのパワー+800。	山崎 太郎	-	Blango Z Armor x1	-	<Auto/Hunting Ground> If there are two or less cards in your hand, this card gets +800 power.	
3	Rare	9	Guild Monster	ヴォルガノス※	※Lavasioth	1700	6★	-	-	-	-	-	-	-	ラヴァXシリーズ x1	-	<オート/キャンプ>:このカードが手札か準備ゾーンからキャンプに出た時、あなたの山札からイベントを1枚まで選んで、相手に見せてから手札に加える。その後、シャッフルする。	NAKAGAWA	-	Lavasioth X Armor x1	-	<Auto/Camp>: When this card is sent to Camp from your hand or Preparation Zone, pick one event card from your deck, show it to your opponent, and add it to your hand. Shuffle afterwards.	
3	Ultra Rare	10	Guild Monster	キリン※	※Kirin	1500	8★	-	-	-	-	-	-	-	キリンXシリーズ x1	-	<古龍出現>:このカードが狩場に出た時、カードを3枚引き、 あなたの手札を1枚選んで、山札の下に戻す。	Toronn	-	Kirin X Armor x1	-	<Elder Dragon Arrival>: When this card is sent to the Hunting Ground, draw 3 cards, pick one card from your hand, and send it to the bottom of your deck.	
3	Ultra Rare	11	Guild Monster	テオ・テスカトル※	※Teostra	2500	9★	-	-	-	-	-	-	-	カイザーXシリーズ x1	-	<古龍出現>:このカードが狩場に出た時、あなたと相手は自分の手札を2枚選んで、好きな順番で山札の下に戻す。	成庵	-	Kaiser X Armor x1	-	<Elder Dragon Arrival>: When this card is sent to the Hunting Ground, your opponent picks two cards from their hand, and sends them to the bottom of their deck in their preferred order.	
3	Common	12	Target Monster	ガブラス	Remobra	200	1★	-	-	-	0	Hide (Green)	-	-	-	-	-	米川 东	-	-	-	-	
3	Common	13	Target Monster	ドドブランゴ	Blangonga	200	2★	-	-	-	0	Shell (Yellow)	-	-	-	-	-	米谷 尚展	-	-	-	-	
3	Uncommon	14	Target Monster	イャンクック【L】	Yian Kut-Ku [L]	300	3★	-	-	-	0	Shell (Yellow)	-	-	-	-	＜２頭討伐（イャンクック亜種【R】）＞：狩場に縦向きの「イャンクック亜種【R】」がある場合、２枚合わせてパワー 700の１枚のカードとして扱う。	松島 一夫	-	-	-	<Double Hunt (Blue Yian Kut-Ku [R])>: If there is a forward facing "Blue Yian Kut-Ku [R]" in the Hunting Ground, these two cards are treated as one with 700 Power.	
3	Uncommon	15	Target Monster	イャンクック亜種【R】	Blue Yian Kut-Ku [R]	300	3★	-	-	-	0	Shell (Yellow)	-	-	-	-	<２頭討伐（イャンクック亜種【L】)>{{{LINEBREAK}}}<オープン>：狩場にあるハンターの中で先頭のハンターが★５以上の場合、狩りの終了時まで、そのハンターのパワー -1000。	松島 一夫	-	-	-	<Double Hunt (Blue Yian Kut-Ku [L])>{{{LINEBREAK}}}<Open>: If the Lead Hunter is 5★ or above, until the end of the hunt, that card receives -1000 Power.	
3	Common	16	Target Monster	ガノトトス【L】	Plesioth [L]	400	3★	-	-	-	1	Scale (Yellow)	-	-	-	-	<２頭討伐(ガノトトス亜種【R】)>：狩場に縦向きの「カノトトス亜種【R】」がある場合、２枚合わせてパワー1500の１枚のカードとして扱う。 {{{LINEBREAK}}}<オート/狩場>：あなたのカードがごのカードを討伐した時、この狩りが２頭討伐ならば、あなたの山札からハンターを１枚まで選んで、相手に見せてから手札に加える。その後、シャッフルする。	Toronn	-	-	-	<Double Hunt (Green Plesioth [R])>: If there is a forward facing "Green Plesioth [R]" in the Hunting Ground, these two cards are treated as one with 1500 Power.{{{LINEBREAK}}}<Auto / Hunting Ground>: When one of your cards slays this card in a Double Hunt, choose 1 card from your deck, show it to your opponent and add it to your hand. Then, shuffle your deck.	<Double Hunt (Green Plesioth [R])>: If there is a forward facing "Green Plesioth [R]" in the Hunting Ground, these two cards are treated as one with 1500 Power.{{{LINEBREAK}}}<Auto / Hunting Ground>: When one of your cards slays this card in a Double Hunt, choose 1 card from your deck, reveal it and add it to your hand. Then, shuffle your deck.
3	Common	17	Target Monster	ガノトトス亜種【R】	Green Plesioth [R]	400	3★	-	-	-	1	Scale (Yellow)	-	-	-	-	<２頭討伐(ガノトトス【L】)>{{{LINEBREAK}}}<オープン>：相手の準備ゾーンにあるカードを１枚選んで、表向きにする。	Toronn	-	-	-	<Double Hunt (Plesioth [L])>{{{LINEBREAK}}}<Open>: Choose one card in your opponent's Preparation Zone, turn it face up.	
3	Common	18	Target Monster	モノブロス	Monoblos	400	4★	-	-	-	1	Shell (Yellow)	-	-	-	-	<部位破壊/角>：部位破壊に成功したプレイヤーはカードを１枚引く。	仙田 聡	-	-	-	<Part Break / Tail>: The player who successfully completes the part break draws one card.	
3	Common	19	Target Monster	リオレイア	Rathian	700	4★	-	-	-	2	Scale (Yellow)	-	-	-	-	<オープン>：相手の準備ゾーンに裏向きのカードが４枚以上ある場合、相手の準備ゾーンにあるカードを１枚まで選んで、山札の下に戻す。	米谷 尚展	-	-	-	<Open>: If your opponent's Preparation Zone has 4 or more face down cards, choose 1 card from your opponent's Preparation Zone, return it to the bottom of their deck.	
3	Rare	20	Target Monster	グラビモス亜種	Black Gravios	1800	5★	-	-	-	1	Mantle (Red)	-	-	-	-	<部位破壊/尻尾>：狩りの終了時まで、このカードのパワー -600。	小城 崇志	-	-	-	<Part Break / Tail>: Until the end of the hunt, this card receives -600 Power.	
3	Uncommon	21	Target Monster	ディアブロス【L】	Diablos [L]	1700	5★	-	-	-	1	Shell (Red)	-	-	-	-	<２頭討伐(ディアブロス亜種【R】)>：狩場に縦向きの「ディアブロス亜種【R】」がある場合、２枚合わせてパワー 3500 の１枚のカードとして扱う。{{{LINEBREAK}}}<オート/狩場>：あなたのカードがこのカードを討伐した時、この狩りが２頭討伐ならば、カードを４枚引く。	村上 ヒサシ	-	-	-	<Double Hunt (Black Diablos [R])>: If there is a forward facing "Black Diablos (R)" in the Hunting Ground, these two cards are treated as one with 3500 Power.{{{LINEBREAK}}}<Auto / Hunting Ground>: When one of your cards slays this card in a Double Hunt, draw 4 cards.	
3	Uncommon	22	Target Monster	ディアブロス亜種【R】	Black Diablos [R]	1700	5★	-	-	-	1	Shell (Red)	-	-	-	-	<２頭討伐(ディアブロス【L】)> {{{LINEBREAK}}}<オープン>：あなたの山札から「ディアブロス【L】」を１枚まで選んで、表向きであなたの準備ゾーンに出す。その後、シャッフルする。ただし、あなたの準備ゾーンにあるカードが４枚を超えるように出すことはできない。	村上 ヒサシ	-	-	-	<Double Hunt (Diablos [L])>{{{LINEBREAK}}}<Open>: Choose one "Diablos [L]" in your deck, place it face up in your Preparation Zone, Then, shuffle your deck. However, your may not play more than 4 cards in your Preparation Zone.	
3	Common	23	Target Monster	ダイミョウザザミ亜種	Plum Daimyo Hermitaur	1600	6★	-	-	-	0	Crab (Red)	-	-	-	-	<オート/狩場>：このカードが討伐された時、あなたの手札を１枚選んで、山札の下に戻す。	木下 勇樹	-	-	-	<Auto / Hunting Ground>: When this card is slain, choose 1 card from your hand, return it to the bottom of your deck.	
3	Rare	24	Target Monster	ティガレックス【L】	Tigrex [L]	1700	6★	-	-	-	1	Mantle (Red)	-	-	-	-	<２頭討伐(ティガレックス【R】)>：狩場に縦向きの「ティガレックス【R】」がある場合、２枚合わせてパワー 4500の１枚のカードとして扱う。 {{{LINEBREAK}}}<オート/狩場>：この狩りが２頭討伐の場合、このカードは以下の能力を得る。「<部位破壊/尻尾>：狩りの終了時まで、このカードのパワー -500。」	山宗	-	-	-	<Double Hunt (Tigrex [R])>: If there is a forward facing "Tigrex [R]" in the hunting ground, these two cards are treated as one with 4500 Power.{{{LINEBREAK}}}<Auto / Hunting Ground>: If this hunt is a Double Hunt, this card gains the following ability: "<Part Break / Tail>: Until the end of the hunt, this card receives -500 Power."	
3	Rare	25	Target Monster	ティガレックス【R】	Tigrex [R]	1700	6★	-	-	-	1	Mantle (Red)	-	-	-	-	<２頭討伐(ティガレックス【L】)> {{{LINEBREAK}}}<オープン>：このカードは相手のターンにしかオープンできない。相手は自分の手札を１枚選んで、山札の下に戻す。	山宗	-	-	-	<Double Hunt (Tigrex [L])>{{{LINEBREAK}}}<Open>: This card can only be opened on your opponent's turn. Your opponent chooses 1 card from their hand, and returns it to the bottom of their deck.	
3	Rare	26	Target Monster	ナルガクルガ	Nargacuga	1700	6★	-	-	-	1	Mantle (Red)	-	-	-	-	<オープン>：狩りの終了時まで、狩場にあるハンターの中で先頭のハンターのパワー -300。	村山 竜大	-	-	-	<Open>: Until the end of the hunt, the Lead Hunter in the Hunting Ground receives -300 Power.	
3	Uncommon	27	Target Monster	リオレウス亜種	Azure Rathalos	1400	6★	-	-	-	0	Shell (Red)	-	-	-	-	-	Daisuke Izuka	-	-	-	-	
3	Ultra Rare	28	Target Monster	リオレイア希少種【L】	Gold Rathian [L]	4500	8★	-	-	-	2	Mantle (Red)	-	-	-	-	<２頭討伐(リオレウス希少種【R】)>：狩場に縦向きの「リオレウス希少種【R】」かある場合、２枚合わせてパワー 10000 の１枚のカードとして扱う。	緑川 美帆	-	-	-	<Double Hunt (Silver Rathalos [R])>: If there is a forward facing "Gold Rathian [R]" in the hunting ground, these two cards are treated as one with 10000 Power.	
3	Ultra Rare	29	Target Monster	リオレウス希少種【R】	Silver Rathalos [R]	4500	8★	-	-	-	2	Mantle (Red)	-	-	-	-	<２頭討伐(リオレイア希少種【L】)>{{{LINEBREAK}}}<オープン>：狩りの終了時まで、狩場にあるギルドモンスターのパワー -1000。	緑川 美帆	-	-	-	<Double Hunt (Gold Rathian [L])>{{{LINEBREAK}}}<Open>: Until the end of the hunt, Guild Monsters in the Hunting Ground receive -1000 Power.	
3	Uncommon	30	Hunter	フルミナントソード	Khezu Shock Sword	300	1★	Great Sword	-	-	-	-	-	エンプレスシリーズ	-	-	<オート/狩場>：あなたの「ナナ・テスカトリ※」が狩場に出た時、狩場にあなたの「ランス」があるならば、カードを２枚引き、あなたの手札を１枚選んで、山札の下に戻す。	Mitsuhiro Arita	Empress Armor	-	-	<Auto / Hunting Ground>: When your "※Lunastra" is placed into the Hunting Ground, if you have a "Lance" in the Hunting Ground, draw 2 cards, then choose 1 card from your deck and return it to the bottom of your deck.	<Auto / Hunting Ground>: When your "※Lunastra" is placed into the Hunting Ground, if you control a "Lance" Hunter in the Hunting Ground, draw 2 cards, then choose 1 card from your deck and return it to the bottom of your deck.
3	Uncommon	31	Hunter	ジャッジメント	Judgement	500	3★	Great Sword	Great Sword	Shell (Yellow)	-	-	-	クシャナSシリーズ	-	-	<部位破壊/角>{{{LINEBREAK}}}<オート/狩場>：相手の準備ゾーンに裏向きのカードが２枚以下しかない場合、このカードのパワー +400。	Funbolt	Kushala S Armor	-	-	<Part Break / Horn>{{{LINEBREAK}}}<Auto / Hunting Ground>: If your opponent has no more than 2 face down cards in their Preparation Zone, this card receives +400 Power.	
3	Rare	32	Hunter	轟大剣【大王虎】	Tigrex Supreme Sword	1300	6★	Great Sword	Great Sword	Mantle (Red)	-	-	-	暁丸・極シリーズ	-	-	<オート/狩場>：この狩りが２頭討伐の場合、このカードのパワー +1000。	森気楼	Auroros Z Armor	-	-	<Auto / Hunting Ground>: If this hunt is a Double Hunt, this card receives +1000 Power.	
3	Common	33	Hunter	骨	Bone	300	1★	Long Sword	-	-	-	-	-	バトルシリーズ	-	-	<オート/キャンプ>：イベントが手札からあなたの準備ゾーンに出た時、あなたのキャンプにのカード以外の「骨」がないならば、カードを１枚引く。この能力はターンに１回しか発動しない。	AMON	Battle Armor	-	-	<Auto / Camp>: When an Event card is placed into your Preparation Zone from hand, if you have no other "Bone" cards in your Camp, draw 1 card. This abililty can only be used once per turn.	<Auto / Camp>: When an Event card is placed into your Preparation Zone from hand, draw 1 card if this is the only "Bone" in your Camp. This abililty can only be used once per turn.
3	Uncommon	34	Hunter	軍刀【獅子皇】	Lion Emperor Saber	600	4★	Long Sword	Long Sword	Shell (Yellow)	-	-	-	リオソウルUシリ ー ズ	-	-	<オート/キャンプ>：イベントが手札からあなたの準備ゾーンに出た時、ターンの終了時まで、このカードのパワー +500。	タカヤマ トシアキ	Rath Soul U Armor	-	-	<Auto / Camp>: When an Event is placed into the Preparation Zone from your hand, until the end of the turn, this card receives +500 Power.	
3	Rare	35	Hunter	ラストエクディシス	Last Gaelic Flame	1400	6★	Long Sword	Long Sword	Shell (Red)	-	-	-	ラヴァXシリ ー ズ	-	-	<オート/キャンプ>：イベントが手札からあなたの準備ゾーンに出た時、あなたのキャンプにこのカード以外の「太刀」がないならば、相手の準備ゾーンにあるカードを１枚選んで、表向きにする。	Daisuke Izuka	Lavasioth X Armor	-	-	<Auto / Camp>: When an Event is placed into the Preparation Zone from your hand, if there are no other "Long Sword" in your Camp, choose 1 card from your opponent's Preparation Zone, turn it face up.	
3	Common	36	Hunter	にゃんにゃんぼう	Catburglar	0	2★	Sword and Shield	-	-	-	-	-	マカルパシリーズ	-	-	<オート/狩場>：あなたがオトモアイルーを使用した時、キャンプが狩場にこのカード以外のあなたの「にゃんにゃんぼう」がないならば、狩りの終了時まで、このカードのパワー +1500。この能力は１ターンに１回しか発動しない。	miche	Makluva Armor	-	-	<Auto / Hunting Ground>: When you activate a Palico card, if you have no other "Catburglar" cards in your Camp or Hunting Ground, until the end of the hunt, this card receives +1500 Power. This ability can only be used once per turn.	<Auto / Hunting Ground>: When you activate a Palico card, if this is the only "Catburglar" in your Camp or Hunting Ground, this card receives +1500 Power until the end of the hunt. This ability can only be used once per turn.
3	Uncommon	37	Hunter	独龍剣【蒼鬼】	Azue Ogre Sword	700	4★	Sword and Shield	Sword and Shield	-	-	-	-	ミヅハ覇シリ ー ズ	-	-	<オート/狩場>：準備ゾーンにある表向きのカードが裏向きになった時、裏向きになったカード１枚につき、狩りの終了時まで、このカードのパワー +200。	米谷 尚展	Mizuha S Armor	-	-	<Auto / Hunting Ground>: When a face up card in the Preparation Zone is flipped face down, for each face down card, until the end of the hunt, this card receives +200 Power.	<Auto / Hunting Ground>: When a face up card in your Preparation Zone is flipped face down, for each face down card in your Preparation Zone, this card receives +200 Power until the end of the hunt.{{{LINEBREAK}}}{{{LINEBREAK}}}{{{LINEBREAK}}}I think face down cards can only be in the Preparation Zone so it should be implied
3	Rare	38	Hunter	氷牙	Ice Fang	1400	5★	Sword and Shield	Sword and Shield	Crab (Red)	-	-	-	ギザミZシリーズ	-	-	<アクティヴ/狩場>［素材①］：この狩りが２頭討伐の場合、狩場にあるカードタイトルに「【R】」と書かれたターゲットモンスターを横向きにする。	渡邊 里恵香	Ceanataur Z Armor	-	-	<Active / Hunting Ground> [Material ①]: If this hunt is a Double Hunt, Target Monsters in the Hunting Ground with "[R]" in their title are turned sideways.	
3	Common	39	Hunter	デュアルトマホーク	Dual Tomahawk	200	1★	Dual Blades	-	-	-	-	-	ランゴシリーズ	-	-	<オート/狩場>：キャンプか狩場にあなたの「弓 」がある場合、このカードのパワー +300。	N.A	Vespoid Armor	-	-	<Auto / Hunting Ground>: If you have a "Bow" in the Camp or Hunting Ground, this card receives +300 Power.	<Auto / Hunting Ground>: If you control a "Bow" Hunter in your Camp or Hunting Ground, this card receives +300 Power.
3	Uncommon	40	Hunter	ギルドナイトセーバー	Guild Knight Sabers	700	4★	Dual Blades	Dual Blades	Scale (Yellow)	-	-	-	リオハートUシリーズ	-	-	<オート/キャンプ>：このカードが手札が準備ゾーンからキャンプに出た時、カードを１枚引く。	成庵	Rath Heart U Armor	-	-	<Auto / Camp>: When this card enters your Camp from your hand or Preparation Zone, draw 1 card.	
3	Rare	41	Hunter	対剣ヴォルトトス	Volcanic Storm	1200	6★	Dual Blades	Dual Blades	Shell (Red)	-	-	-	リオソウルＺシリーズ	-	-	<オート/狩場>：このカードが狩りに参加した時、この狩りが２頭討伐ならば、相手の準備ゾーンにあるカードを２枚まで選んで、表向きにする。	杉浦 善夫	Rath Soul Z Armor	-	-	<Auto / Hunting Ground>: When this card participates in a hunt, if this hunt is a Double Hunt, choose up to 2 cards in your opponent's Preparation Zone, flip them face up.	<Auto / Hunting Ground>: When this card participates in a Double Hunt, choose up to 2 cards in your opponent's Preparation Zone, flip them face up.
3	Common	42	Hunter	ウォーハンマー	War Hammer	200	1★	Hammer	-	-	-	-	-	ハンターシリーズ	-	-	<オート/狩場>：この狩りが２頭討伐の場合、このカードのパワー +500。	松島 一夫	Hunter's Armor	-	-	<Auto / Hunting Ground>: If this hunt is a Double Hunt, this card receives +500 Power.	
3	Rare	43	Hunter	激鎚オンスロート	Onslaught Hammer	700	3★	Hammer	Hammer	Shell (Yellow)	-	-	-	モノデビルＵシリーズ	-	-	<オート/キャンプ>：このカードが手札か準備ゾーンからキャンプに出た時、ターンの終了時まで、このカードのパワー +500。	タカヤマ トシアキ	Monodevil U Armor	-	-	<Auto / Camp>: When this card enters the Camp from your hand or Preparation Zone, until the end of the turn, this card receives +500 Power.	<Auto / Camp>: When this card enters your Camp from your hand or Preparation Zone, until the end of the turn, this card receives +500 Power.
3	Rare	44	Hunter	マグニチュード	Magnitude	1300	6★	Hammer	Hammer	Shell (Red)	-	-	-	カイザーXシリーズ	-	-	<オート/狩場>：あなたの手札が１枚もない場合、このカードのパワー +900。	NINNIN	Kaiser X Armor	-	-	<Auto / Hunting Ground>: If you have no cards in your hand, this card receives +900 Power.	
3	Common	45	Hunter	龍木ノ笛	Dragonwood Horn	300	2★	Hunting Horn	-	-	-	-	-	オウビ ー トシリ ー ズ	-	-	<オート/狩場>：このカードが討伐した時、狩場にあなたの「ガンランス」があるならば、カードを３枚引き、あなたの手札を３枚選んで、好きな順番で山札の下に戻す。	三好 載克	Obituary Armor	-	-	<Auto / Hunting Ground>: When this card is slays a Target Monster, if you have a "Gunlance" in the Hunting Ground, draw 3 cards, then choose three cards from your hand, return them to the bottom of your deck in any order.	<Auto / Hunting Ground>: When this card is slays a Target Monster, draw 3 cards if you control a "Gunlance" Hunter in the Hunting Ground, then choose 3 cards from your hand, return them to the bottom of your deck in any order.
3	Uncommon	46	Hunter	カエルクラフト	Handmade Frog	700	3★	Hunting Horn	Hunting Horn	Shell (Yellow)	-	-	-	モノブロスSシリーズ	-	-	<部位破壊/角>：あなたの手札を１枚選んで、捨ててよい。捨てたならば、あなたの山札から「角破壊」を１枚選んで、相手に見せてから手札に加える。その後、シャッフルする。	中北 晃ニ	Mono S Armor	-	-	<Part Break / Horn>: Choose 1 card from your hand, discard it. If you do, choose 1 "Horn Break" from your deck, show it to your opponent and add it to your hand. Then, shuffle your deck.	<Part Break / Horn>: Choose 1 card from your hand, discard it. If you do, choose 1 "Horn Break" from your deck, reveal it and add it to your hand. Then, shuffle your deck.
3	Rare	47	Hunter	夜笛【逢魔】	Demon's Darkflute	1400	6★	Hunting Horn	Hunting Horn	Mantle (Red)	-	-	-	モノブロスXシリーズ	-	-	<アクティヴ/狩場>［素材①］：この狩りが２頭討伐の場合、狩場にあるカードタイトルに「【R】」と書かれたターゲットモンスターを横向きにする。	甲壱	Mono X Armor	-	-	<Active / Hunting Ground> [Material ①]: If this hunt is a Double Hunt, Target Monsters in the Hunting Ground with "[R]" in their title are turned sideways.	Same wording as B03-38
3	Common	48	Hunter	グラシアルブロス改	Cermaic Blos Lance+	300	1★	Lance	-	-	-	-	-	エンプレスシリーズ	-	-	<オート/狩場>：キャンプか狩場にあなたの「大剣」がある場合、ゲームから取り除かれたあなたの「ナナ・テスカトリ※」１枚につき、このカードのパワー +400。	添田 一平	Empress Armor	-	-	<Auto / Hunting Ground>: If you have a "Great Sword" Hunter in your Camp or Hunting Ground, for every "※Lunastra" you removed from play, this card receives +400 Power.	<Auto / Hunting Ground>: If you control a "Great Sword" Hunter in your Camp or Hunting Ground, this card receives +400 Power for every "※Lunastra" you removed from play.
3	Uncommon	49	Hunter	雷槍【タケミカヅチ】	Thunderlance	700	4★	Lance	Lance	Scale (Yellow)	-	-	-	金剛・覇シリ ー ズ	-	-	<オープン>［素材①］：このカードはこの狩りが２頭討伐の場合にしかオープンできない。狩場にあるカードタイトルに「【R】」と書かれたターゲットモンスターを横向きにする。	安達 洋介	Indra S Armor	-	-	<Open> [Material ①]: This card can only be opened when this hunt is a Double Hunt. Target Monsters in the Hunting Ground with "[R]" in their title are turned sideways.	<Open> [Material ①]: This card can only be opened during a Double Hunt. Target Monsters in the Hunting Ground with "[R]" in their title are turned sideways.
3	Rare	50	Hunter	レイジングテンペスト	Rising Tempest	1300	6★	Lance	Lance	Shell (Red)	-	-	-	ザザミZシリーズ	-	-	<オープン>［素材②］：狩場にあるあなたのハンターを１枚選んで、狩りの終了時まで、パワー +500。	百瀬 寿	Hermitaur X Armor	-	-	<Open> [Material ②]: Choose 1 Hunter you control in the Hunting Ground, until the end of the hunt, it receives +500 Power.	
3	Common	51	Hunter	スティールガンランス	Steel Gunlance	200	1★	Gunlance	-	-	-	-	-	ハイメタシリーズ	-	-	<オート/狩場>：狩場にあなたの「狩猟笛」がある場合、このカードのパワー +400。	Mitsuhiro Arita	High Metal Armor	-	-	<Auto / Hunting Ground>: If you control a "Hunting Horn" in the Hunting Ground, this card receives +400 Power.	<Auto / Hunting Ground>: If you control a "Hunting Horn" Hunter in the Hunting Ground, this card receives +400 Power.
3	Uncommon	52	Hunter	フルボルテージ	Full Voltage	700	4★	Gunlance	Gunlance	Shell (Yellow)	-	-	-	グラビドSシリーズ	-	-	<オープン>［素材①］：このカードはこの狩りが２頭討伐の場合にしかオープンできない。狩場にあるカードタイトルに「【R】」と書かれたターゲットモンスターを横向きにする。	木下 勇樹	Gravios S Armor	-	-	<Open> [Material ①]: This card can only be opened when this hunt is a Double Hunt. Target Monsters in the Hunting Ground with "[R]" in their title are turned sideways.	<Open> [Material ①]: This card can only be opened during a Double Hunt. Target Monsters in the Hunting Ground with "[R]" in their title are turned sideways.
3	Rare	53	Hunter	熔解銃槍ヴォルガノス	Lavasioth Gunlance	1300	6★	Gunlance	Gunlance	Mantle (Red)	-	-	-	夜叉・真シリ ー ズ	-	-	<アクティヴ/狩場>［素材③］：相手の準備ゾーンにあるカードを２枚選んで、表向きにする。{{{LINEBREAK}}}<アクティヴ/キャンプ>［素材③］：相手の準備ゾーンにあるカードを２枚選んで、表向きにする。	春乃壱	Grand Yaksha Armor	-	-	<Active / Hunting Ground> [Material ③]: Choose 2 cards in your opponent's Preparation Zone, flip them face up.{{{LINEBREAK}}}<Active / Camp> [Material ③]: Choose 2 cards in your opponent's Preparation Zone, flip them face up.	
3	Common	54	Hunter	ショットボウガン・碧	Shotgun (Green)	300	2★	Light Bowgun	-	-	-	-	-	ゲネポスシリーズ	-	-	<オート/狩場>：このカードが討伐した時、あなたの山札から「ドスゲネポス※」を１枚選んで、相手に見せてから手札に加える。その後、シャッフルする。	Kuratch!	Genprey Armor	-	-	<Auto / Hunting Ground>: When this card slays a Target Monster, choose 1 "※Gendrome" from your deck, show it to your opponent and add it to your hand. Then, shuffle your deck.	<Auto / Hunting Ground>: When this card slays a Target Monster, choose 1 "※Gendrome" from your deck, reveal it and add it to your hand. Then, shuffle your deck.
3	Uncommon	55	Hunter	繚乱の対弩	Profusion	600	4★	Light Bowgun	Light Bowgun	Scale (Yellow)	-	-	-	シルバーソルシリーズ	-	-	<オート/狩場>：この狩りが２頭討伐の場合、このカードのパワー +700。	koji	Silver Sol Armor	-	-	<Auto / Hunting Ground>: If this hunt is a Double Hunt, this card receives +700 Power.	
3	Rare	56	Hunter	銘火竜弩	Engraved Fire Wyvern Bow	800	6★	Light Bowgun	Light Bowgun	Mantle (Red)	-	-	-	トヨタマ真シリーズ	-	-	<オート/狩場>：あなたの素材置場にあるカード１枚につき、このカードのパワー +200。	N.A	Grand Cham Armor	-	-	<Auto / Hunting Ground>: For each card in your Material Storage, this card receives +200 Power.	
3	Common	57	Hunter	イャンクック砲	Yian Kut-Ku Cannon	300	2★	Heavy Bowgun	-	-	-	-	-	コンガシリーズ	-	-	<オート/キャンプ>：あなたの「ババコンガ※」が手札か準備ゾーンからキャンプに出た時、カードを１枚引き、あなたの手札を１枚選んで、山札の下に戻す。	齋藤 直葵	Conga Armor	-	-	<Auto / Camp>: When your "Congalala ※" enters the Camp from your hand or Preparation Zone, draw 1 card, choose 1 card from your hand and return it to the bottom of your deck.	<Auto / Camp>: When your "Congalala ※" enters your Camp from your hand or Preparation Zone, draw 1 card, then choose 1 card from your hand and return it to the bottom of your deck.
3	Uncommon	58	Hunter	デュエルキャスト改	Duelcaster+	700	4★	Heavy Bowgun	Heavy Bowgun	Scale (Yellow)	-	-	-	ガレオスSシリーズ	-	-	<オープン>「素材③」：このカードは相手のターンにしかオープンできない。キャンプか狩場にあなたの「ヘビィボウガン」がある場合、相手の準備ゾーンにあるカードを２枚選んで、表向きにする。	dhr dhr	Cephalos Armor	-	-	<Open> [Material ③]: This card can only be opened during your opponent's turn. If you control a "Heavy Bowgun" in your Camp or Hunting Ground, choose 2 cards in your opponent's Preparation Zone, flip them face up.	
3	Rare	59	Hunter	老山龍砲・極	Ultimate Lao-Shan Cannon	800	6★	Heavy Bowgun	Heavy Bowgun	Mantle (Red)	-	-	-	ブランゴZシリーズ	-	-	<アクティヴ/狩場>「手札①」：狩りの終了時まで、このカードのパワー +400。	タカヤマ トシアキ	Blango Z Armor	-	-	<Active / Hunting Ground> [Hand ①]: Until the end of the Hunt, this card receives +400 Power.	
3	Common	60	Hunter	パワーハンターボウI	Hunter's Stoutbow I	200	2★	Bow	-	-	-	-	-	レックスシリーズ	-	-	<オート/狩場>：この狩りが２頭討伐の場合、このカードのパワー +500。	MID	Tigrex Armor	-	-	<Auto / Hunting Ground>: If this hunt is a Double Hunt, this card receives +500 Power.	
3	Uncommon	61	Hunter	オオバサミIV	Daimyo's Warbow IV	700	3★	Bow	Bow	Shell (Yellow)	-	-	-	ヒプノSシリーズ	-	-	<オープン>［素材①］：このカードはこの狩りが２頭討伐の場合にしかオープンできない。狩場にあるカードタイトルに「【R】」と書かれたターゲットモンスターを横向きにする。	百瀬 寿	Hypno S Armor	-	-	<Open> [Material ①]: This card can only be opened when this hunt is a Double Hunt. Target Monsters in the Hunting Ground with "[R]" in their title are turned sideways.	<Open> [Material ①]: This card can only be opened during a Double Hunt. Target Monsters in the Hunting Ground with "[R]" in their title are turned sideways.{{{LINEBREAK}}}{{{LINEBREAK}}}Same wording as B03-52
3	Ultra Rare	62	Hunter	アイシクルボウII	Icicle Bow II	0	6★	Bow	Bow	Shell (Red)	-	-	-	キリンXシリーズ	-	-	<オート/狩場>：あなたの手札１枚につき、このカードのパワー +300。	イケノ	Kirin X Armor	-	-	<Auto / Hunting Ground>: For each card in your hand, this card receives +300 Power.	
3	Common	63	Event	あれ?忘れた!	Wha? I forgot!	-	-	-	-	4	-	-	-	-	-	-	<イベント>：あなたは相手の手札を見てカードを１枚選んで、山札の下に戻す。	増田 幹生	-	-	-	<Event>: Look at your opponent's hand and choose 1 card, return it to the bottom of their deck.	Unsure if this means to look at the entire hand and pick one card, or pick one at random and then look at it
3	Uncommon	64	Event	こっちはまかせろ!	Leave this to me!	-	-	-	-	X	-	-	-	-	-	-	<イベント>［素材①］：このカードはこの狩りが２頭討伐の場合にしかオープンできない。狩場にあるカードタイトルに「【R】」と書かれたターゲットモンスターを横向きにする。	Hirokorin	-	-	-	<Event> [Material ①]: This card can only be opened when this hunt is a Double Hunt. Target Monsters in the Hunting Ground with "[R]" in their title are turned sideways.	<Event> [Material ①]: This card can only be opened in a Double Hunt. Target Monsters in the Hunting Ground with "[R]" in their title are turned sideways.
3	Common	65	Event	試練の時	Trial by Fire	-	-	-	-	1	-	-	-	-	-	-	<イベント>：あなたの山札からテキストに「２頭討伐」と書かれたターゲットモンスターを１枚まで選んで、相手に見せてから手札に加える。その後、シャッフルする。	村山 竜大	-	-	-	<Event>: Choose 1 Target Monster with "Double Hunt" in its card text from your deck, show it to your opponent and add it to your hand. Then, shuffle your deck.	<Event>: Choose 1 Target Monster with "Double Hunt" in its card text from your deck, reveal it and add it to your hand. Then, shuffle your deck.
3	Common	66	Event	ポッケ農場	Pokke Farm	-	-	-	-	2	-	-	-	-	-	-	<イベント>：カードを３枚引き、あなたの手札を２枚選んで、好きな順番で山札の下に戻す。	MID	-	-	-	<Event>: Draw 3 cards, choose 2 cards from your hand, return them to the bottom of your deck in any order.	
3	Common	67	Quest	災厄の使者	Envoy to Disaster	-	-	-	-	-	-	-	100	-	-	-	条件：★１以上の「ガブラス」討伐{{{LINEBREAK}}}<オート>：このカードを表向きにした時、あなたの山札からテキストに「<古龍出現>」と書かれたギルドモンスターを２枚まで選んで、相手に見せてから手札に加える。その後、シャッフルする。	ナブランジャ	-	-	-	Condition: Slay a 1★ or above "Remobra"{{{LINEBREAK}}}<Auto>: When this card is flipped face up, choose up to 2 Guild Monsters with "<Elder Dragon Arrival>" in their text, show them to your opponent and add it to your hand, then shuffle your deck.	Condition: Slay a 1★ or above "Remobra"{{{LINEBREAK}}}<Auto>: When this card is flipped face up, choose up to 2 Guild Monsters with "<Elder Dragon Arrival>" in their text, reveal them and add it to your hand, then shuffle your deck.
3	Uncommon	68	Quest	激突!雪獅子ドドブランゴ	The Ruler of the Snow	-	-	-	-	-	-	-	200	-	-	-	条件：★２以上の「ドドブランゴ」討伐{{{LINEBREAK}}}<オート>：このカードを表向きにした時、あなたの山札から★３のハンターか★４のハンターを１枚まで選んで、相手に見せてから手札に加える。その後、シャッフルする。	Kuratch!	-	-	-	Condition: Slay a 2★ or above "Blangonga"{{{LINEBREAK}}}<Auto>: When this card is flipped face up, choose 1 3★ Hunter or 4★ Hunter from your deck, show it to your opponent and add it to your hand, then shuffle your deck.	Condition: Slay a 2★ or above "Blangonga"{{{LINEBREAK}}}<Auto>: When this card is flipped face up, choose 1 3★ or 4★ Hunter from your deck, Reveal it and add it to your hand. Then, shuffle your deck.
3	Uncommon	69	Quest	王の領域	The King's Domain	-	-	-	-	-	-	-	300	-	-	-	条件：★６以上の「リオレウス亜種」討伐 {{{LINEBREAK}}}<オート>：このカードを表向きにした時、あなたと相手はカードを２枚引く。	米川 东	-	-	-	Condition: Slay a 6★ or above "Azure Rathalos"{{{LINEBREAK}}}<Auto>: When this card is flipped face up, both you and your opponent draw 2 cards.	
3	Common	70	Quest	挟撃のイャンクック!	Trapped by Yian Kut-Ku	-	-	-	-	-	-	-	300	-	-	-	条件：★３以上の「イャンクック【L】」と★３以上の「イャンクック亜種【R】」の２頭討伐 {{{LINEBREAK}}}<オート>：このカードを表向きにした時、カードを２枚引く。	ナブランジャ	-	-	-	Condition: Slay a 3★ or above "Yian Kut-Ku [L]" and a 3★ or above "Blue Yian Kut-Ku [R]" in a Double Hunt{{{LINEBREAK}}}<Auto>: When this card is flipped face up, draw 2 cards.	
3	Common	71	Quest	戦国大名風雲録	Daimyo of Sengoku Fame	-	-	-	-	-	-	-	500	-	-	-	条件：★６以上の「ダイミョウザザミ亜種」討伐	Hirokorin	-	-	-	Condition: Slay a 6★ or above "Plum Daimyo Hermitaur"	
3	Common	72	Quest	異常震域	Land of the Tremors	-	-	-	-	-	-	-	800	-	-	-	条件：★６以上の「ティガレックス【L】」と★６以上の「ティガレックス【R】」の２頭討伐	Daisuke Izuka	-	-	-	Condition: Slay a 6★ or above "Tigrex [L]" and a 6★ or above "Tigrex [R] in a Double Hunt	
3	Common	73	Quest	竜王の系譜	Descendants of the King	-	-	-	-	-	-	-	1400	-	-	-	条件：★８以上の「リオレイア希少種【L】」と★8以上の「リオレウス希少種【R】」の２頭討伐 {{{LINEBREAK}}}<オート>：このカードを表向きにした時、あなたの山札からカードを３枚まで選んで、手札に加える。その後、シャッフルする。	NAKAGAWA	-	-	-	Condition: Slay an 8★ or above "Gold Rathian [L]" and an 8★ or above "Silver Rathalos [R]" in a Double Hunt{{{LINEBREAK}}}<Auto>: When this card is flipped face up, search your deck for any 3 cards and add them to your hand, then shuffle your deck.	
3	Common	74	Palico	鬼人笛なのニャ	Demon Flute	-	-	-	-	3	-	-	-	-	-	-	<オトモアイルー>：狩場にあるハンターを１枚選んで、狩りの終了時まで、パワー +500。	山﨑 奈苗	-	-	-	<Palico>: Choose 1 Hunter in the Hunting Ground, until the end of the hunt, it receives +500 Power.	
3	Rare	75	Palico	切ってやったニャ		-	-	-	-	2	-	-	-	-	-	-	<オトモアイルー>：狩場にあるテキストに「<部位破壊/尻尾>」と書かれたハンターを１枚選んで、狩りの終了時まで、パワー +800。	三好 載克	-	-	-	<Palico>: Choose 1 Hunter in the Hunting Ground with "<Part Break / Tail>" in its text, until the end of the hunt, it receives +800 Power.	
3	Uncommon	76	Palico	ぶんどるニャ	Pilfer	-	-	-	-	3	-	-	-	-	-	-	<オトモアイルー>：あなたの山札からカードを１枚まで選んで、手札に加える。その後、シャッフルする。	春乃壱	-	-	-	<Palico>: Choose up to 1 card from your deck, add it to your hand, then shuffle your deck.	
3	Common	77	Palico	まかせるニャ	Leave it to Me Meowster!	-	-	-	-	3	-	-	-	-	-	-	<オトモアイルー>：この狩りが２頭討伐の場合、狩場にあるカードタイトルに「【R】」と書かれたターゲットモンスターを横向きにする。	Hirokorin	-	-	-	<Palico>: If this hunt is a Double Hunt, Target Monsters in the Hunting Ground with "[R]" in their title are turned sideways.	
4	Common	1	Guild Monster	ドスイーオス※	※Iodrome	500	1★	-	-	-	-	-	-	-	イーオスシリーズ x1	-	<オープン>: 狩場にあるハンターを1枚選んで、狩りの終了時まで、 パワー-300。	古賀 マサヲ	-	Ioprey Armor x1	-	<Open>: Pick one hunter in the Hunting Ground. Until the end of the hunt, they get power -300.	
4	Common	2	Guild Monster	ダイミョウザザミ※	※Daimyo Hermitaur	1300	3★	-	-	-	-	-	-	-	ザザミSシリーズ x1	-	【怒り】<オート/狩場>: 狩場にあるハンターが移動した時、狩りの終了時まで、狩場にあるターゲットモンスターのパワー-500。	米谷 尚展	-	Hermitaur S Armor x1	-	【Rage】<Auto/Hunting Ground>: When a Hunter in the Hunting Ground moves, the Target Monster in the Hunting Ground gets -500 power until the end of the hunt.	
4	Rare	3	Guild Monster	グラビモス※	※Gravios	1600	4★	-	-	-	-	-	-	-	グラビドSシリーズ x1	-	<オート/キャンプ>:このカードが手札か準備ゾーンからキャンプに出た時、このカードを横向きにする。	山崎 太郎	-	Gravios S Armor x1	-	<Auto/Camp>: When this card is sent to Camp from your hand or Preparation Zone, turn this card horizontal.	
4	Uncommon	4	Guild Monster	ティガレックス※	※Tigrex	1200	4★	-	-	-	-	-	-	-	レックスSシリーズ x1	-	【怒り】<オート/狩場>: 狩場にあるあなたのハンターが横向きになった時、狩りの終了時まで、このカードのパワー+1000。	前河 悠一	-	Tigrex S Armor x1	-	【Rage】<Auto/Hunting Ground>: When one your hunters in the Hunting Ground is turned horizontal, until the end of the hunt, this card gets +1000 power.	
4	Rare	5	Guild Monster	ナルガクルガ※	※Nargacuga	1000	4★	-	-	-	-	-	-	-	ナルガSシリーズ x1	-	【怒り】<オート/狩場>: 相手の準備ゾーンにあるカードが表向きになった時、このカードを1つ前に移動する。	小城 崇志	-	Narga S Armor x1	-	【Rage】<Auto/Hunting Ground>: When a card in your opponent's Preparation Zone is flipped face up, move this card one space forward.	
4	Common	6	Guild Monster	フルフル亜種※	※Red Khezu	1200	4★	-	-	-	-	-	-	-	フルフルUシリーズ x1	-	【怒り】<オート/狩場>: あなたの手札が3枚以下しかない場合、 このカードのパワー+500。	木下 勇樹	-	Khezu U Armor x1	-	【Rage】<Auto/Hunting Ground>: If there are 3 or less cards in your hand, this card gets +500 power.	
4	Uncommon	7	Guild Monster	リオレウス※	※Rathalos	1100	4★	-	-	-	-	-	-	-	レウスSシリーズ x1	-	<オート/狩場>: 狩場にあなたの★5以上のハンターがある場合、 {{{LINEBREAK}}}このカードのパワー+700。	Mitsuhiro Arita	-	Rathalos S Armor x1	-	<Auto/Hunting Ground>: If you have a 5★ or above Hunter in the Hunting Ground, this card gets +700 power.	
4	Rare	8	Guild Monster	クシャルダオラ※	※Kushala Daora	1800	8★	-	-	-	-	-	-	-	クシャナXシリーズ x1	-	<古龍出現>:このカードが狩場に出た時、狩場にある相手のハンターを1枚選んで、1番後ろに移動する。	緑川 美帆	-	Kushala X Armor x1	-	<Elder Dragon Arrival>: When this card is send to the Hunting Ground, pick one of your opponent's monsters in the Hunting Ground and move it to the back.	
4	Ultra Rare	9	Guild Monster	ヤマツカミ※	※Yama Tsukami	2200	10★	-	-	-	-	-	-	-	夜叉・真/修羅・真シリーズ x1	-	<古龍出現> 【怒り】<オート/狩場>: 相手がオープン能力を使用した時、相手は自分の手札をすべて好きな順番で山札の下に戻す。	成庵	-	Grand Yaksha/Grand Carnage Armor x1	-	<Elder Dragon Arrival>【Rage】<Auto/Hunting Ground>: When your opponent uses their open ability, your opponent must return their hand to the bottom of their deck in their preferred order.	Not 100% on what the localization of the Yama Tsukami armor name is, this was the only thing I could find online.
4	Ultra Rare	10	Guild Monster	ラージャン※	※Rajang	1800	10★	-	-	-	-	-	-	-	金色・真/黒子・真シリーズ x1	-	【怒り】<オート/狩場>: あなたが手札を捨てた時、あなたの手札が1枚もないならば、相手は自分の準備ゾーンにある裏向きのカードを2枚選んで、表向きにする。この能力は1ターンに1回しか発動しない。	Daisuke Izuka	-	Golden Armor/Puppet Master Armor x1	-	【Rage】<Auto/Hunting Ground>: After discarding your hand, if there are no cards left in your hand, your opponent must pick 2 face-down cards from their Preparation Zone and flip them face-up. This can only be done once per turn.	
4	Common	11	Target Monster	ドスファンゴ	Bulldrome	200	1★	-	-	-	1	Claw (Green)	-	-	-	-	<オート/狩場>：このカードが討伐された時、このカードを討伐したカードを横向きにする。	古賀 マサヲ	-	-	-	<Auto / Hunting Ground>: When this card is slain, turn the card that slew this card sideways.	
4	Common	12	Target Monster	ドスガレオス	Cephadrome	400	2★	-	-	-	1	Scale (Yellow)	-	-	-	-	<オープン>：狩場に相手のパワー600以上のハンターがある場合、狩場にあるハンターを１枚選んで、狩りの終了時まで、パワー -400。	Toronn	-	-	-	<Open>: If your opponent controls a hunter with 600 or more Power in the Hunting Ground, choose 1 hunter in the hunting ground, until the end of the hunt, it receives power -400.	
4	Common	13	Target Monster	イャンクック亜種	Blue Yian Kut-Ku	400	3★	-	-	-	1	Scale (Yellow)	-	-	-	-	<オープン>：狩りの終了時まで、狩場にある★５以上のターゲットモンスターのパワー +500。	Hirokorin	-	-	-	<Open>: Until the end of the hunt, 5★ or above Target Monsters in the hunting ground receive +500 Power.	
4	Common	14	Target Monster	ショウグンギザミ	Shogun Ceanataur	400	3★	-	-	-	1	Crab (Yellow)	-	-	-	-	<オープン>：狩場にある相手のハンターを１枚選んで、先頭に移動する。	米川 东	-	-	-	<Open>: Choose 1 of your opponent's Hunters in the Hunting Ground, move it to the front.	<Open>: Choose 1 Hunter controlled by your opponent in your Hunting ground, move it to the front to be the lead hunter.
4	Rare	15	Target Monster	キリン	Kirin	400	4★	-	-	-	1	Shell (Yellow)	-	-	-	-	<オープン>：このカードは相手のターンにしかオープンできない。相手の手札が１枚もない場合、狩場にあるハンターを１枚選んで、横向きにする。	木下 勇樹	-	-	-	<Open>: This card can only be opened on your opponent's turn. If your opponent has no cards in their hand, choose 1 Hunter in the Hunting Ground, turn it sideways.	
4	Uncommon	16	Target Monster	ディアブロス	Diablos	400	4★	-	-	-	1	Shell (Yellow)	-	-	-	-	<アクティヴ/準備ゾーン>［このカードを捨てる］：この能力は相手のターンにしか使用できない。狩場にある相手の★１のハンターを１枚選んで、横向きにする。	仙田 聡	-	-	-	<Active / Preparation Zone> [Discard this card]: This ability can only be used on your opponent's turn. Choose 1 1★ Hunter controlled by your opponent, turn it sideways.	
4	Common	17	Target Monster	バサルモス	Basarios	400	4★	-	-	-	1	Shell (Yellow)	-	-	-	-	<オープン>：狩場に★５以上のターゲットモンスターがある場合、狩場にあるハンターを１枚選んで、狩りの終了時まで、パワー -500。	Hirokorin	-	-	-	<Open>: If there is a 5★ or above Target Monster in the Hunting Ground, choose 1 Hunter in the Hunting Ground, until the end of the hunt, it receives -500 Power.	
4	Common	18	Target Monster	リオレイア亜種	Pink Rathian	400	4★	-	-	-	1	Scale (Yellow)	-	-	-	-	<オート/準備ゾーン>：準備ゾーンにある裏向きのこのカードが相手のカードの能力で表向きになった時、相手は自分の手札を２枚選んで、好きな順番で山札の下に戻す。	成庵	-	-	-	<Auto / Preparation Zone>: When your opponent uses an Ability to turn this face down card in the Preparation Zone face up, your opponent chooses 2 cards from their own hand, and returns them to the bottom of their deck in any order.	<Auto / Preparation Zone>: If this card is face down in the Preparation Zone and your opponent uses and ability to flip this card face up, your opponent chooses 2 cards from their own hand, and returns them to the bottom of their deck in any order.
4	Rare	19	Target Monster	オオナズチ	Chameleos	1700	6★	-	-	-	1	Gem (Purple)	-	-	-	-	<オープン>：このカードは相手のターンにしかオープンできない。相手は自分の手札を１枚選んで、山札の下に戻す。	二見 敬之	-	-	-	<Open>: This card can only be opened on your opponent's turn. Your opponent chooses 1 card from their hand and returns it to the bottom of their deck.	
4	Uncommon	20	Target Monster	グラビモス亜種	Black Gravios	1700	6★	-	-	-	0	Mantle (Red)	-	-	-	-	<オープン>：相手の準備ゾーンに表向きのカードが３枚以上ある場合、相手の準備ゾーンにあるカードを１枚まで選んで、山札の下に戻す。	山崎 太郎	-	-	-	<Open>: If your opponent's Preparation Zone has 3 or more face up cards, choose 1 card in your opponent's Perparation Zone, return it to the bottom of their deck.	
4	Rare	21	Target Monster	テオ・テスカトル	Teostra	1800	6★	-	-	-	1	Gem (Purple)	-	-	-	-	<オープン>：狩りの終了時まで、狩場にあるすべての★５以上のハンターのパワー -600。	米谷 尚展	-	-	-	<Open>: Until the end of the hunt, all 5★ or above Hunters in the Hunting Ground receive -600 Power.	
4	Common	22	Target Monster	ドドブランゴ亜種	Copper Blangonga	1700	6★	-	-	-	1	Shell (Red)	-	-	-	-	<アクティヴ/準備ゾーン>［このカードを捨てる］：狩りの終了時まで、狩場にあるターゲットモンスターのパワー +300。	古賀 マサヲ	-	-	-	<Active / Preparation Zone> [Discard this card]: Until the end of the hunt, the Target Monster in the Hunting Ground receives +300 Power.	
4	Rare	23	Target Monster	フルフル	Khezu	1700	6★	-	-	-	1	Shell (Red)	-	-	-	-	<オープン>：狩りの終了時まで、狩場にあるギルドモンスターのパワー -800。	成庵	-	-	-	<Open>: Until the end of the hunt, Guild Monsters in the Hunting Ground receive -800 Power.	
4	Uncommon	24	Target Monster	リオレウス	Rathalos	1700	6★	-	-	-	1	Mantle (Red)	-	-	-	-	<アクティヴ/準備ゾーン>［このカードを捨てる］：狩場にあるパワー2000以上のギルドモンスターかパワー2000以上のモンスタを１枚選んで、狩りの終了時まで、パワー -1000。	Toronn	-	-	-	<Active / Preparation Zone> [Discard this card]: Choose 1 Guild Monster or Hunter in the Hunting Ground with 2000 or more power, until the end of the hunt, it receives -1000 Power.	
4	Uncommon	25	Target Monster	ティガレックス	Tigrex	3300	7★	-	-	-	1	Mantle (Red)	-	-	-	-	<オープン>：相手の準備ゾーンにある裏向きのカードを１枚選んで、手札に戻す。	NAKAGAWA	-	-	-	<Open>: Choose 1 face down card from your opponent's Preparation Zone, return it to their hand.	
4	Rare	26	Target Monster	ナナ・テスカトリ	Lunastra	4200	7★	-	-	-	1	Shell (Red)	-	-	-	-	<オート/狩場>：狩場にテキストに「【怒り】」と書かれたギルドモンスターがある場合、このカードのパワー -1000。{{{LINEBREAK}}}<オート/準備ゾーン>：準備ゾーンにある裏向きのこのカードが相手のカードの能力で表向きになった時、準備ゾーンにあるカードを２枚まで選んで、表向きにする。	松島 一夫	-	-	-	<Auto / Hunting Ground>: If there is a Guild Monster with【Rage】in its card text in the hunting ground, this card receives -1000 Power.{{{LINEBREAK}}}<Auto / Preparation Zone>: When your opponent uses an ability to flip this face down card in the Preparation Zone face up, choose 2 cards in the Preparation Zone, flip them face up.	<Auto / Hunting Ground>: If there is a Guild Monster with【Rage】in its card text in the hunting ground, this card receives -1000 Power.{{{LINEBREAK}}}<Auto / Preparation Zone>: If this card is face down in the Preparation Zone and your opponent uses an ability to flip this card face up, choose 2 cards in your Preparation Zone, flip them face up.
4	Rare	27	Target Monster	アカムトルム	Akantor	4800	8★	-	-	-	2	Shell (Red)	-	-	-	-	<オープン>：狩場にあるハンターを１枚選んで、狩りの終了時まで、パワー -400。	山宗	-	-	-	<Open>: Choose 1 Hunter in the Hunting Ground, until the end of the hunt, it receives -400 Power.	
4	Ultra Rare	28	Target Monster	ウカムルバス	Ukanlos	7700	8★	-	-	-	3	Shell (Red)	-	-	-	-	<オート/狩場>：狩場にテキストに「【怒り】」と書かれたギルドモンスターがある場合、このカードのパワー -1500。 {{{LINEBREAK}}}<オープン>：狩場にある★５以上のハンターを１枚選んで、狩りの終了時まで、パワー -1000。	NAKAGAWA	-	-	-	<Auto / Hunting Ground>: If there is a Guild Monster with【Rage】in its card text in the hunting ground, this card receives -1500 Power.{{{LINEBREAK}}}<Open>: Choose 1 5★ or above Hunter in the Hunting Ground, until the end of the hunt, it receives -1000 Power.	
4	Uncommon	29	Hunter	ジークリンデ	Sieglinde	300	2★	Great Sword	-	-	-	-	-	クシャナシリーズ	-	-	<オート/キャンプ>：ターンの開始時、あなたの手札を５枚まで選んで、準備ゾーンに表向きか裏向きで出す。ただし、イベントを表向きで出すことはできず、あなたの準備ゾーンにあるカードが５枚を超えるように出すこともできない。	安達 洋介	Kushala Armor	-	-	<Auto / Camp>: At the start of the turn, choose up to 5 cards in your hand, place them into the Preparation Zone face up or face down. However, Events cannot be placed face up, and you cannot place more than 5 cards in your Preparation Zone.	
4	Uncommon	30	Hunter	覇剣エムカムトルム	Akantor Broadsword	1100	4★	Great Sword	Great Sword	Shell (Yellow) + 1	-	-	-	しるばーソルシリーズ	-	-	<部位破壊/尻尾>{{{LINEBREAK}}}<オート/キャンプ>：このカードが手札か準備ゾーンからキャンプに出た時、あなたの素材置場にあるカードを１枚選んで、捨てる。	添田 一平	Silver Sol Armor	-	-	<Part Break / Tail>{{{LINEBREAK}}}<Auto / Camp>: When this card enters the Camp from your hand or Preparation Zone, choose 1 card in your Material Storage, discard it.	<Part Break / Tail>{{{LINEBREAK}}}<Auto / Camp>: When this card enters your Camp from your hand or Preparation Zone, choose 1 card in your Material Storage, discard it.
4	Rare	31	Hunter	角王剣アーティラート	Cera Cymmetry	1900	6★	Great Sword	Great Sword	Shell (Red)	-	-	-	金色・真シリーズ	-	-	<オート/キャンプ>：このカードが手札か準備ゾーンからキャンプに出た時、あなたの素材置場にあるすべてのカードを捨てる。	toma	Divine Ire Armor	-	-	<Auto / Camp>: When this card enters the Camp from your hand or Preparation Zone, discard all cards in your Material Storage.	<Auto / Camp>: When this card enters you Camp from your hand or Preparation Zone, discard all cards in your Material Storage.
4	Common	32	Hunter	白猿薙【ドド】	Blango Decimator	0	2★	Long Sword	-	-	-	-	-	カイザーシリーズ	-	-	<アクティヴ/キャンプ>［このカードを横向きにする＋素材①］：あなたの山札から★２以下の『大剣』を１枚まで選んで、相手に見せてから手札に加える。その後、シャッフルする。	添田 一平	Kaiser Armor	-	-	<Active / Camp> [Turn this card sideways + Material ①]: Choose 1 2★ or below "Great Sword" from your deck, show it to your opponent and add it to your hand. Then, shuffle your deck.	<Active / Camp> [Turn this card sideways + Material ①]: Choose 1 2★ or below "Great Sword" Hunter from your deck, reveal it and add it to your hand. Then, shuffle your deck.
4	Uncommon	33	Hunter	飛竜刀【楓】	Wyvern Blade "Maple"	600	4★	Long Sword	Long Sword	Scale (Yellow)	-	-	-	レウスSシリーズ	-	-	<オート/狩場>：狩場に★６以下のターゲットモンスターがある場合、このカードのパワー +500。	NINNIN	Rathalos S Armor	-	-	<Auto / Hunting Ground>: If the Target Monster in the Hunting Ground is 6★ or below, this card receives +500 Power.	
4	Rare	34	Hunter	崩刀ウコトカムルバス	Ukanlos Slicer	2100	6★	Long Sword	Long Sword	Gem (Purple) + 2	-	-	-	-	-	-	-	百瀬 寿	-	-	-	-	
4	Common	35	Hunter	アッパータバルジン	Upper Battleaxe	300	2★	Sword and Shield	-	-	-	-	-	イーオスシリーズ	-	-	<アクティヴ/狩場>［素材①］：あなたの山札から★１の「ドスイーオス※」を１枚選んで、相手に見せてから手札に加える。その後、シャッフルする。	AMON	Ioprey Armor	-	-	<Active / Hunting Ground> [Material ①]: Choose 1 1★ "※Iodrome" card from your deck, show it to your opponent and add it to your hand, Then, shuffle your deck.	<Active / Hunting Ground> [Material ①]: Choose 1 1★ "※Iodrome" card from your deck, reveal it and add it to your hand, Then, shuffle your deck.
4	Uncommon	36	Hunter	オデッセイブレイド	Odyssey Blade	600	4★	Sword and Shield	Sword and Shield	2	-	-	-	ヒーラーＵシリーズ	-	-	<オープン>［素材①］：あなたのキャンプに『片手剣』がある場合、あなたの山札からハンターを１枚まで選んで、相手に見せてから手札に加える。その後、シャッフルする。	安達 洋介	Healer U Armor	-	-	<Open> [Material ①]: If you control a "Sword and Shield" in your Camp, choose 1 Hunter from your deck, show it to your opponent and add it to your hand. Then shuffle your deck.	<Open> [Material ①]: If you control a "Sword and Shield" Hunter in your Camp, choose 1 Hunter from your deck, reveal it and add it to your hand. Then shuffle your deck.
4	Rare	37	Hunter	雷刃ヴァジュラ	Thunderblade Vajra	1800	6★	Sword and Shield	Sword and Shield	Shell (Red)	-	-	-	カイザーXシリーズ	-	-	<オート/キャンプ>：あなたのターンの終了時、あなたの手札を１枚選んで、捨てる。	渡邊 里恵香	Kaiser X Armor	-	-	<Auto / Camp>: At the end of your turn, choose 1 card from your hand, discard it.	
4	Uncommon	38	Hunter	ガノカットラス改	Cutlass+	300	2★	Dual Blades	-	-	-	-	-	キリンシリーズ	-	-	<オート/狩場>：このカードはカードの能力に選ばれない。	山﨑 奈苗	Kirin Armor	-	-	<Auto / Hunting Ground>: This card cannot be chosen by card Abilities.	<Auto / Hunting Ground>: This card cannot be targeted by card Abilities.
4	Uncommon	39	Hunter	双影剣	Silhouette Sabers	900	4★	Dual Blades	Dual Blades	Scale (Yellow)	-	-	-	レックスSシリーズ	-	-	<オート/狩場>：あなたのターンの間、このカードが狩りに参加した時，あなたの素材置場にあるカードを１枚選んで、捨ててよい。捨てながったならば、このカードを横向きにする。	Funbolt	Tigrex S Armor	-	-	<Auto / Hunting Ground>: During your turn, when this card participates in a hunt, choose 1 card from your Material Storage and discard it. If you cannot, turn this card sideways.	
4	Rare	40	Hunter	コウリュウノツガイ	Punishment Blades	1200	6★	Dual Blades	Dual Blades	Mantle (Red)	-	-	-	ディアブロZシリーズ	-	-	<アクティヴ/狩場>［素材③］：狩りの終了時まで、あなたの手札１枚につき、このカードのパワー +200。この能力を使用した狩りの終了時、このカードを横向きにする。この能力は１ターンに１回しか使用できない。	甲壱	Diablos Z Armor	-	-	<Active / Hunting Ground> [Material ③]: Until the end of the hunt, for every card in your hand, this card receives Power +200. When this hunt that this Ability was used in ends, turn this card sideways. This Ability can only be used once per turn.	
4	Common	41	Hunter	デッドリボルバー	Dead Revolver	400	2★	Hammer	-	-	-	-	-	リオソウルシリーズ	-	-	-	三好 載克	Rath Soul Armor	-	-	-	
4	Uncommon	42	Hunter	ギザミヘッドアクス	Ceanataur Head Axe	800	4★	Hammer	Hammer	Shell (Yellow) + Shell (Yellow)	-	-	-	タロスSシリーズ	-	-	<オート/狩場>：相手のターンの間、このカードのパワー +500。	Kuratch!	Hornet S Armor	-	-	<Auto / Hunting Ground>: During your opponent's turn, this card receives +400 Power.	
4	Ultra Rare	43	Hunter	角王鎚カオスオーダー	Chaotic Order	1200	6★	Hammer	Hammer	Shell (Red)	-	-	-	-	-	-	<オート/狩場>：あなたのサブデッキ置場にある表向きのクエスト１枚につき、このカードのパワー +400。	koji	-	-	-	<Auto / Hunting Ground>: For each face up Quest in your Sub Deck, this card receives +400 Power.	
4	Common	44	Hunter	ブロンズベル	Bronze Bell	0	2★	Hunting Horn	-	-	-	-	-	リオハートシリーズ	-	-	<オート/狩場>：あなたの手札が３枚以下しかない場合、このカードのパワー +500。	N.A	Rath Heart Armor	-	-	<Auto / Hunting Ground>: If you have 3 cards or less in your hand, this card receives +500 Power.	
4	Uncommon	45	Hunter	ヴォルカニックロック	Volcanic Rock	300	4★	Hunting Horn	Hunting Horn	2	-	-	-	フルフルUシリーズ	-	-	<アクティヴ/狩場>［手札①］：狩場にあるあなたのハンターを１枚選んで、狩りの終了時まで、パワー +200。	MID	Khezu U Armor	-	-	<Active / Hunting Ground> [Hand ①]: Choose 1 Hunter you control from the Hunting Ground, until the end of the hunt, it receives +200 Power.	
4	Rare	46	Hunter	崩笛イコカムルバス	Unkanlos Horned Flute	1500	6★	Hunting Horn	Hunting Horn	Mantle (Red) + 3	-	-	-	リオハートZシリーズ	-	-	<アクティヴ/狩場>［素材①］：狩場にあるあなたのハンターを１枚選んで、狩りの終了時まで、パワー +500。 {{{LINEBREAK}}}<アクティヴ/キャンプ>［素材②］：狩場にあるあなたのハンターを枚選んで、狩りの終了時まで、パワー +500。	koji	Rath Heart Z Armor	-	-	<Active / Hunting Ground> [Material ①]: Choose 1 Hunter you control from the Hunting Ground, until the end of the hunt, it receives +500 Power.{{{LINEBREAK}}}<Active / Camp> [Material ②]: Choose 1 Hunter you control from the Hunting Ground, until the end of the hunt, it receives +500 Power.	
4	Common	47	Hunter	フレグランス改	Fragrance+	300	2★	Lance	-	-	-	-	-	メルホアシリーズ	-	-	<オート/狩場>：あなたのサブデッキ置場に表向きのカードがある場合、このカードのパワー +300。	toma	Melahoa Armor	-	-	<Auto / Hunting Ground>: If your Sub Deck has any face up Quests, this card receives +300 Power.	
4	Uncommon	48	Hunter	漆黒槍グラビモス	Void Gravios Spear	700	4★	Lance	Lance	Shell (Yellow)	-	-	-	グラビドSシリーズ	-	-	<オート/キャンプ>：このカードが手札か準備ゾーンからキャンプに出た時、あなたの手札を１枚選んで、捨ててよい。捨てたならば、あなたの山札から『ヘビィボウガン』を１枚まで選んで、相手に見せてから手札に加える。その後、シャッフルする。	Kuratch!	Gravios S Armor	-	-	<Auto / Camp>: When this card enters the Camp from your hand or Perparation Zone, choose 1 card from your hand and discard it. If you do, choose 1 "Heavy Bowgun" from your deck, show it to your opponent and add it to your hand. Then, shuffle your deck.	<Auto / Camp>: When this card enters your Camp from your hand or Perparation Zone, choose 1 card from your hand and discard it. If you do, choose 1 "Heavy Bowgun" Hunter from your deck, reveal it and add it to your hand. Then, shuffle your deck.
4	Rare	49	Hunter	暗夜槍【黒雨】	Black Rain Darklance	1300	6★	Lance	Lance	Mantle (Red)	-	-	-	ナルガXシリーズ	-	-	<オート/狩場>：このカードが討伐した時、「暗夜槍【黒雨】」以外のキャンプにある横向きのハンターを１枚まで選んで、縦向きにする。この能力は１ターンに１回しか発動しない。	百瀬 寿	Narga X Armor	-	-	<Auto / Hunting Ground>: When this card slays a Target Monster, choose 1 sideways Hunter besides "Black Rain Darklance" in your Camp, turn it facing forward. This ability can only be used once per turn.	
4	Common	50	Hunter	ヘルスティング改	Hellsting+	300	2★	Gunlance	-	-	-	-	-	ヘルパーシリーズ	-	-	<オート/キャンプ>：ターンの開始時、あなたの手札を５枚まで選んで、準備ゾーンに表向きか裏向きで出す。ただし、イベントを表向きで出すことはできず、あなたの準備ゾーンにあるカードが５枚を超えるように出すこともできない。	N.A	Helper Armor	-	-	<Auto / Camp>: At the start of the turn, choose up to 5 cards in your hand, place them into the Preparation Zone face up or face down. However, Events cannot be placed face up, and you cannot place more than 5 cards in your Preparation Zone.	Same text as B04-29
4	Uncommon	51	Hunter	覇銃槍アペカムトルム	Akantor Gunlance	700	4★	Gunlance	Gunlance	Shell (Yellow) + Shell (Yellow)	-	-	-	ザザミSシリーズ	-	-	<部位破壊/角> {{{LINEBREAK}}}<アクティヴ/狩場>［Shell (Yellow)］：狩りの終了時まで、狩場にあるターゲットモンスターのパワー -300。	安達 洋介	Hermitaur S Armor	-	-	<Part Break / Horn>{{{LINEBREAK}}}<Active / Hunting Ground> [Shell (Yellow)]: Until the end of the hunt, Target Monsters in the Hunting Ground receive -300 Power.	
4	Rare	52	Hunter	ナナ=ソレイユ	Luna's Sun	1400	6★	Gunlance	Gunlance	Gem (Purple)	-	-	-	ウカムルシリーズ	-	-	<オート/キャンプ>：このカードが手札か準備ゾーンからキャンプに出た時、あなたの山札の上からカードを３枚裏向きで素材置場に置く。	西野 幸治	Ukanlos Armor	-	-	<Auto / Camp>: When this card enters the Camp from your hand or Preparation Zone, place the top 3 cards of your Deck into your Material Storage face down.	<Auto / Camp>: When this card enters your Camp from your hand or Preparation Zone, place the top 3 cards of your Deck into your Material Storage face down.
4	Common	53	Hunter	メラルーラグドール	Melynx Ragdoll	200	2★	Light Bowgun	-	-	-	-	-	プライベートシリーズ	-	-	<アクティヴ/狩場>［このカードを横向きにする＋素材①］：カードを１枚引く。	KENZY	Personal Armor	-	-	<Active / Hunting Ground> [Turn this card sideways + Material ①]: Draw 1 card.	
4	Uncommon	54	Hunter	サンドフォール改	Sandfall+	700	4★	Light Bowgun	Light Bowgun	Scale (Yellow)	-	-	-	ナルガSシリーズ	-	-	<オープン>：相手の準備ゾーンにあるカードを１枚選んで、表向きにする。	三好 載克	Narga S Armor	-	-	<Open>: Choose 1 card in your opponent's Preparation Zone, flip it face up.	
4	Rare	55	Hunter	金華朧銀の対弩	Prosperity	1300	6★	Light Bowgun	Light Bowgun	Mantle (Red)	-	-	-	フルフルZシリーズ	-	-	<オープン>［素材②］：狩場にあるあなたのハンターを１枚選んで、狩りの終了時まで、パワー +500。	山﨑 奈苗	Khezu Z Armor	-	-	<Open> [Material ②]: Choose 1 Hunter you control in the Hunting Ground, until the end of the hunt, it receives +500 Power.	
4	Common	56	Hunter	クイックキャスト	Quickcaster	200	2★	Heavy Bowgun	-	-	-	-	-	デスギアシリーズ	-	-	<オート/狩場>：キャンプか狩場にあなたの『ライトボウガん』がある場合、このカードのパワー +300。	米川 東	Death Stench Armor	-	-	<Auto / Hunting Ground>: If you control a "Light Bowgun" in your Camp or the Hunting Ground, this card receives +300 Power.	
4	Uncommon	57	Hunter	轟砲【虎頭】	Tigrex Skull	1100	3★	Heavy Bowgun	Heavy Bowgun	Shell (Yellow)	-	-	-	ギルドガードベスト蒼シリーズ	-	-	<オート/狩場>：狩場にハンターが２枚以下しかない場合、このカードのパワー -700。	ctype	Blue Guild Armor	-	-	<Auto / Hunting Ground>: If the Hunting Ground has 2 or less Hunters, this card receives -700 Power.	
4	Rare	58	Hunter	テオ=フランロンガ	Teostra Flamethrower	1300	6★	Heavy Bowgun	Heavy Bowgun	Gem (Purple)	-	-	-	クシャナXシリーズ	-	-	<オート/狩場>：あなたのGPが800以上の場合、このカードのパワー +500。	春乃壱	Kushala X Armor	-	-	<Auto / Hunting Ground>: If you have 800 or more GP, this card receives +500 Power.	
4	Common	59	Hunter	クイーンブラスターII	Queen Blaster II	300	2★	Bow	-	-	-	-	-	ギルドナイトベストシーズン	-	-	<オート/キャンプ>：ターンの開始時、あなたの手札を５枚まで選んで、準備ゾーンに表向きか裏向きで出す。ただし、イベントを表向きで出すことはできず、あなたの準備ゾーンにあるカードが５枚を超えるように出すこともできない。	MID	Guild Knight Armor	-	-	<Auto / Camp>: At the start of the turn, choose up to 5 cards in your hand, place them into the Preparation Zone face up or face down. However, Events cannot be placed face up, and you cannot place more than 5 cards in your Preparation Zone.	Same text as B04-29
4	Ultra Rare	60	Hunter	覇弓レラカムトルム	Akantor Bow	700	4★	Bow	Bow	Scale (Yellow) + Scale (Yellow)	-	-	-	アカムトシーズン	-	-	<アクティヴ/狩場>［Scale (Yellow)］：狩りの終了時まで、このカードのパワー +300。	N.A	Akantor Armor	-	-	<Active / Hunting Ground> [Scale (Yellow)]: Until the end of the hunt, this card receives +300 Power.	
4	Rare	61	Hunter	龍木ノ古弓【日神】	Ancient Dragon Bow	900	6★	Bow	Bow	Shell (Red)	-	-	-	修羅・真シリ ー ズ	-	-	<オート/狩場>：狩場にテキストに「【怒り】」と書かれたギルドモンスターがある場合、このカードのパワー +900。	dhr dhr	Grand Carnage Armor	-	-	<Auto / Hunting Ground>: If there is a Guild Monster with【Rage】in its card text in the Hunting Ground, this card receives +900 Power.	
4	Common	62	Event	怒れるモンスター	Enraged Monster	-	-	-	-	1	-	-	-	-	-	-	<イベント>：あなたの山札からターゲットモンスターかテキストに「【怒り】」と書かれたギルドモンスターを１枚選んで、相手に見せてから手札に加え、シャッフルする。その後、このカードの能力であなたの手札にターゲットモンスターを加えた場合、あなたの手札を１枚選んで、捨てる。	shukei	-	-	-	<Event>: Choose 1 Target Monster or 1 Guild Monster with【Rage】in its card text from your deck, show it to your opponent and add it to your hand. Then, shuffle your deck. If you added a Target Monster to your hand with this card's ability, choose 1 card from your hand, discard it.	<Event>: Choose 1 Target Monster or 1 Guild Monster with【Rage】in its card text from your deck, reveal it and add it to your hand. Then, shuffle your deck. If you added a Target Monster to your hand with this card's ability, choose 1 card from your hand, discard it.
4	Common	63	Event	ガラクタ置き場	Junkyard	-	-	-	-	3	-	-	-	-	-	-	<イベント>：素材置場にあるカードを２枚選んで、捨てる。	Kuratch!	-	-	-	<Event>: Choose 2 cards from your Material Storage, discard them.	
4	Common	64	Event	鬼人薬グレート	Mega Demondrug	-	-	-	-	X	-	-	-	-	-	-	<イベント>［素材③］：相手のGPがあなたのGPより多い場合、狩場にあるあなたのハンターを１枚選んで、狩りの終了時まで、パワー +800。	齋藤 直葵	-	-	-	<Event> [Material ③]: If your opponent has more GP than you, choose 1 Hunter in the Hunting Ground that you control, until the end of the hunt, it receives +800 Power.	
4	Uncommon	65	Event	不屈の闘志		-	-	-	-	1	-	-	-	-	-	-	<イベント>：あなたの捨場にあるカードを１枚選んで、山札に戻し、シャッフルする。	Daisuke Izuka	-	-	-	<Event>: Choose 1 card from your Discard Pile, return it to your deck and shuffle it.	
4	Common	66	Event	罠師の本懐		-	-	-	-	X	-	-	-	-	-	-	<オート/準備ゾーン>：準備ゾーンにある裏向きのこのカードが相手のカードの能力で表向きになった時、あなたの山札からカードを２枚まで選んで、裏向きであなたの準備ゾーンに出す。その後、シャッフルする。ただし、あなたの準備ゾーンにあるカードが４枚を超えるように出すことはできない。	齋藤 直葵	-	-	-	<Auto / Preparation Zone>: When your opponent uses an ability to turn this face down card in the Preparation Zone face up, choose 2 card from your deck, place them in your Preparation Zone face down. Then, shuffle your deck. However, you cannot place more than 4 cards in your Preparation Zone.	<Auto / Perparation Zone>: If this card is face down in your Preparation Zone and your opponent uses an ability to flip this card face up, choose 2 card from your deck, place them in your Preparation Zone face down. Then, shuffle your deck. However, you cannot place more than 4 cards in your Preparation Zone.
4	Common	67	Quest	猪突猛進!ドスファンゴ	Reckless Bulldrome Hunter	-	-	-	-	-	-	-	200	-	-	-	条件：★１以上の「ドスファンゴ」討伐{{{LINEBREAK}}}<オート>：狩場にあるあなたのハンターの中で先頭のハンターが★２以上の場合、そのハンターのパワー +300。	funbolt	-	-	-	Condition: Slay a 1★ or above "Bulldrome"{{{LINEBREAK}}}<Auto>: If your Lead Hunter in the Hunting Ground is 2★ or above, that Hunter receives +300 Power.	Condition: Slay a 1★ or above "Bulldrome"{{{LINEBREAK}}}<Auto>: If the Lead Hunter is a 2★ or above Hunter that you control, it receives +300 Power.
4	Common	68	Quest	湿地帯の黒き鎧	Black Rock in the Swamp	-	-	-	-	-	-	-	400	-	-	-	条件：★６以上の「グラビモス亜種」討伐	甲壱	-	-	-	Condition: Slay a 6★ or above "Black Gravios"	
4	Common	69	Quest	真夜中の謁見	A Midnight Audience	-	-	-	-	-	-	-	400	-	-	-	条件：★６以上の「テオ・テスカトル」討伐	ナブランジャ	-	-	-	Condition: Slay a 6★ or above "Teostra"	
4	Common	70	Quest	皇妃座すは炎の宮殿	The Empress's Blazing Throne	-	-	-	-	-	-	-	800	-	-	-	条件：★７以上の「ナナ・テスカトリ」討伐 {{{LINEBREAK}}}<オート>：このカードを表向きにした時、準備ゾーンにある裏向きのカードを１枚まで選んで、表向きにする。	NAKAGAWA	-	-	-	Condition: Slay a 7★ or above "Lunastra"{{{LINEBREAK}}}<Auto>: When this card is flipped face up, choose 1 face down card in your Preparation Zone, flip it face up.	
4	Common	71	Quest	絶対強者	Absolute Power	-	-	-	-	-	-	-	800	-	-	-	条件：★７以上の「ティガレックス」討伐	伊藤 サトシ	-	-	-	Condition: Slay a 7★ or above "Tigrex"	
4	Common	72	Quest	起源にして、頂点	Rise to the Summit	-	-	-	-	-	-	-	1200	-	-	-	条件：★８以上の「アカムトルム」討伐	Daisuke Izuka	-	-	-	Condition: Slay a 8★ or above "Akantor"	
4	Common	73	Quest	絶対零度	Absolute Zero	-	-	-	-	-	-	-	1600	-	-	-	条件：★８以上の「ウカムルバス」討伐	中北 晃二	-	-	-	Condition: Slay a 8★ or above "Ukanlos"	
4	Common	74	Palico	狩りへいくニャ	Let's go Meownster Hunting!	-	-	-	-	1	-	-	-	-	-	-	<オトモアイルー>：あなたの山札から★４以下のハンターを１枚まで選んで、相手に見せてから手札に加える。その後、シャッフルする。	春乃壱	-	-	-	<Palico>: Choose 1 4★ or below Hunter from your deck, show it to your opponent and add it to your hand. Then, shuffle your deck.	<Palico>: Choose 1 4★ or below Hunter from your deck, reveal it and add it to your hand. Then, shuffle your deck.
4	Common	75	Palico	真・回復笛!ニャ	True Health Horn	-	-	-	-	1	-	-	-	-	-	-	<オトモアイルー>：あなたのキャンプにあるすべてのハンターを縦向きにする。	松島 一夫	-	-	-	<Palico>: Turn all Huntrers in your Camp facing forward.	
4	Uncommon	76	Palico	七転び八起きなのニャ	Nine Lives	-	-	-	-	2	-	-	-	-	-	-	<オトモアイルー>：あなたのGPが600以上の場合、狩場にあるハンターを１枚選んで、表向きになっているあなたのオトモアイルー１枚につき、狩りの終了時まで、パワー +400。	ナブランジャ	-	-	-	<Palico>: If you have 600 or more GP, choose 1 Hunter in the Hunting Ground, for each of your face up Palico cards, it receives +400 Power until the end of the hunt.	
4	Rare	77	Palico	爆弾なげるニャ		-	-	-	-	4	-	-	-	-	-	-	<オトモアイルー>：狩りの終了時まで、狩場にあるテキストに「【怒り】」と書かれたギルドモンスターのパワー +1200。	十葉 一駒	-	-	-	<Palico>: Until the end of the hunt, Guild Monsters with【Rage】in its card text receive +1200 Power.	
5	Common	1	Guild Monster	イャンクック亜種※	※Blue Yian Kut-Ku	300	2★	-	-	-	-	-	-	-	クックDシリーズ x1	-	<オート/狩場>:このカードが討伐した時、カードを1枚引く。	古賀 マサヲ	-	Kut-Ku D Armor x1	-	<Auto/Hunting Ground>: When this card is slain, draw 1 card.	
5	Common	2	Guild Monster	ドドブランゴ※	※Blangonga	1000	2★	-	-	-	-	-	-	-	ブランゴシリーズ x1	-	<オート/狩場>: キャンプか狩場にあなたの★3以上のハンターが{{{LINEBREAK}}}ない場合、このカードのパワー-500。	Toronn	-	Blango Armor x1	-	<Auto/Hunting Ground>: If there are no 3★ or above hunters in your camp or the Hunting Ground, this card gets -500 power.	
5	Common	3	Guild Monster	ゲリョス亜種※	※Purple Gypceros	1000	3★	-	-	-	-	-	-	-	ゲリョスUシリーズ x1	-	<アクティヴ/準備ゾーン>[このカードを捨てる]: キャンプか狩場にあなたの「ゲリョス亜種※」がある場合、狩場にある★3以上のカードを1枚選んで、狩りの終了時まで、パワー-500。	山崎 太郎	-	Gypceros U Armor x1	-	<Active/Preparation Zone>[Discard this card]: If your "※Purple Gypceros" is in your camp or the Hunting Ground, pick one 3★ or above card in the Hunting Ground. Until the end of the hunt, this card gets -500 power.	
5	Common	4	Guild Monster	ヒプノック※	※Hypnocatrice	1100	3★	-	-	-	-	-	-	-	ヒプノSシリーズ x1	-	<アクティヴ/準備ゾーン> [このカードを捨てる]: 狩場にあなたの 「ヒプノック※」がある場合、あなたと相手は狩りの終了時まで、 オトモ能力を使用できない	ナブランジャ	-	Hypno S Armor x1	-	<Active/Preparation Zone>[Discard this card]: If your "※Hypnocatrice" is in the Hunting Ground, until the end of the hunt neither you nor your opponent can use Palico abilities.	
5	Uncommon	5	Guild Monster	ディアブロス※	※Diablos	1000	4★	-	-	-	-	-	-	-	ディアブロSシリーズ x1	-	<オート/狩場>: 狩場に★7以上のターゲットモンスターがある{{{LINEBREAK}}}場合、このカードのパワー+700。	三好 載克	-	Diablos S Armor x1	-	<Auto/Hunting Ground>: If there is a 7★ or greater Target Monster in the Hunting Ground, this card gains +700 power.	
5	Common	6	Guild Monster	バサルモス※	※Basarios	1200	4★	-	-	-	-	-	-	-	バサルSシリーズ x1	-	<アクティヴ/準備ゾーン> [このカードを捨てる]: キャンプか狩場にあなたの「バサルモス※」がある場合、相手の準備ゾーンにあるカードを1枚選んで、表向きか裏向きにする。	甲壱	-	Basarios S Armor x1	-	<Active/Preparation Zone> [Discard this card]: If your "※Basarios" is in your camp or the Hunting Ground, your opponent must pick one card from their Preparation Zone and flip it either face up or face down.	
5	Uncommon	7	Guild Monster	フルフル※	※Khezu	1100	4★	-	-	-	-	-	-	-	フルフルSシリーズ x1	-	【怒り】<オート/狩場>: 相手の手札が2枚以下しかない場合、 このカードのパワー+700。	shukei	-	Khezu S Armor x1	-	【Rage】<Auto/Hunting Ground>: If your opponent has 2 or less cards in their hand, this card gets +700 power.	
5	Common	8	Guild Monster	モノブロス亜種※	※White Monoblos	1400	4★	-	-	-	-	-	-	-	モノデビルUシリーズ x1	-	-	二見 敬之	-	Monodevil U Armor x1	-	-	
5	Uncommon	9	Guild Monster	ショウグンギザミ亜種※	※Terra Shogun Ceanataur	1600	5★	-	-	-	-	-	-	-	ギザミZシリーズ x1	-	<オート/狩場>: 相手の準備ゾーンにある裏向きのカード1枚につき、このカードのパワー+300。	木下 勇樹	-	Ceanataur Z Armor x1	-	<Auto/Hunting Ground>: For each face-down card in your opponent's Preparation Zone, this card gets +300 power.	
5	Common	10	Guild Monster	グラビモス亜種※	※Black Gravios	2100	6★	-	-	-	-	-	-	-	グラビドZシリーズ x1	-	-	前河 悠一	-	Gravios Z Armor x1	-	-	
5	Ultra Rare	11	Guild Monster	ティガレックス※	※Tigrex	1900	6★	-	-	-	-	-	-	-	レックスXシリーズ x1	-	<オート/狩場>: 砂漠にこのカードがある場合、このカードのパワー+500。	中北 晃二	-	Tigrex X Armor x1	-	<Auto/Hunting Ground>: If this card is in the desert, it gets +500 power.	
5	Rare	12	Guild Monster	リオレウス※	※Rathalos	2000	6★	-	-	-	-	-	-	-	レウスXシリーズ x1	-	<オート/キャンプ>:このカードが手札か準備ゾーンからキャンプ{{{LINEBREAK}}}に出た時、あなたの山札からテキストに「【固有技】」と書かれたイベントを1枚まで選んで、相手に見せてから手札に加える。 その後、シャッフルする。	山宗	-	Rathalos X Armor x1	-	<Auto/Camp>: When this card is sent to Camp from your hand or Preparation Zone, pick up to 1 event card with "【Special Ability】" written in its text from your deck, show it to your opponent, and add it to your hand. Shuffle afterwards.	See my description of "Special Ability" in the keywords as well as https://canary.discord.com/channels/@me/1269957828618227755/1335462859051765763
5	Common	13	Target Monster	ケルビ	Kelbi	0	1★	-	-	-	0	Hide (Green)	-	-	-	樹海	<オープン>: 密林か樹海狩りをしている場合、あなたの山札の上からカードを６枚見て、その中から「ケルビ」を１枚まで選んで、表向きであなたの準備ゾーンに出す。その後、残リを山札に戻しシャッフルする。ただし、あなたの準備ゾーンにあるカードが４枚を超えるよう出すことできない。	緑川 美帆	-	-	Great Forest	<Open>: If you are hunting in the Jungle or Great Forest, look at the top 6 cards of your deck, choose 1 "Kelbi" from within and place it on your Preparation Zone face up. Then, return the remaining cards to your deck and shuffle it. However, you cannot place more than 4 cards in your Preparation Zone.	
5	Uncommon	14	Target Monster	メラルー	Melynx	0	1★	-	-	-	0	Sac (Green)	-	-	-	密林	<アクティヴ/準備ゾーン> [このカードを捨てる]: 素材置場にあるカードを１枚選んで、捨てる。	Daisuke Izuka	-	-	Jungle	<Active / Preparation Zone>[Discard this card]: Choose 1 card in your Material Storage, discard it.	
5	Common	15	Target Monster	ランゴスタ	Vespoid	0	1★	-	-	-	0	Bug (Yellow)	-	-	-	密林	<オープン>: 狩場にあるハンターを１枚選んで、狩りの終了時まで、パワー -200。その後、あなたの準備ゾーンに「クイーンランゴスタ」がある場合、狩場にある★3以上のハンターを１枚選んで、狩りの終了時まで、パワー -700。	NAKAGAWA	-	-	Jungle	<Open>: Choose 1 Hunter in the Hunting Ground, until the end of the hunt, it receives -200 Power. Then, if you have a "Vespoid Queen" in your Preparation Zone, choose 1 3★ or above Hunter in the Hunting Ground, until the end of the hunt, it receives -700 Power.	
5	Common	16	Target Monster	ランポス	Velociprey	0	1★	-	-	-	0	Scale (Yellow)	-	-	-	森丘	<オープン>: あなたの捨場にある「ランポス」１枚につき、相手は自分の手札を１枚選んで、好きに順番で山札の下に戻す。	齋藤 直葵	-	-	Verdant Hills	<Open>: For each "Velociprey" in your Discard Pile, your opponent chooses 1 card from their hand and returns it to the bottom of their deck in any order.	
5	Common	17	Target Monster	ドスガレオス	Cephadrome	400	2★	-	-	-	1	Shell (Yellow)	-	-	-	砂漠	<オープン>: 狩場にあるハンターを１枚選んで、狩りの終了時まで、ぱわー -100。その後、砂漠にあるハンターを１枚選んで、狩りの終了時まで、パワー -400。	米川 東	-	-	Desert	<Open>: Choose 1 Hunter in the Hunting Ground, until the end of the hunt, it receives -100 Power. Then, choose 1 Hunter in the Desert, until the end of the hunt, it receives -400 Power.	<Open>: Choose 1 Hunter in the Hunting Ground, until the end of the hunt, it receives -100 Power. Then, if you are hunting in the Desert, choose 1 Hunter in the Hunting Ground, until the end of the hunt, it receives -400 Power.
5	Common	18	Target Monster	ドスギアノス	Giadrome	100	2★	-	-	-	0	Scale (Yellow)	-	-	-	雪山	-	Mitsuhiro Arita	-	-	Arctic Ridge	-	
5	Uncommon	19	Target Monster	ドスジャギィ	Great Jaggi	200	2★	-	-	-	1	Claw (Green)	-	-	-	孤島	<オート/狩場>: あなたのカードがこのカードを討伐した時、このカードをサブデッキ置場に表向きで置いてよい。{{{LINEBREAK}}}<オート>: このカードがサブデッキ置場にある場合、あなたのGP +100。	二見 敬之	-	-	Deserted Island	<Auto / Hunting Ground>: When a card you control slays this card, place this card on your sub deck face up.{{{LINEBREAK}}}<Auto>: While this card is in your sub deck, gain 100 GP.	
5	Common	20	Target Monster	イャンクック	Yian Kut-Ku	300	3★	-	-	-	1	Shell (Yellow)	-	-	-	森丘	-	Daisuke Izuka	-	-	Verdant Hills	-	
5	Common	21	Target Monster	ゲリョス	Gypceros	400	3★	-	-	-	1	Shell (Yellow)	-	-	-	密林	<オプーン>: 相手の準備ゾーンにあるカードを１枚選んで、裏向きにする。	ナブランジャ	-	-	Jungle	<Open>: Choose 1 card in your opponent's Preparation Zone, flip it face down.	
5	Common	22	Target Monster	ガノトトス亜種	Green Plesioth	400	4★	-	-	-	1	Scale (Yellow)	-	-	-	砂漠	<オープン>: 相手の準備ゾーンに裏向きのカードが４枚以上ある場合、相手は自分の手札を２枚選んで、好きな順番で山札の下に戻す。	ctype	-	-	Desert	<Open>: If you opponent has 4 or more face down cards in their Preparation Zone, your opponent chooses 2 cards from their hand, and returns it to the bottom of their deck in any order.	
5	Rare	23	Target Monster	クルペッコ	Qurupeco	400	4★	-	-	-	1	Scale (Yellow)	-	-	-	孤島	<オープン>: あなたの山札の上からカードを１枚公開し、山札の下に戻す。公開したカードがターゲットモンスターならば、狩りの終了時まで、狩場にあるターゲットモンスターのパワー +300。	松島 一夫	-	-	Deserted Island	<Open>: Reveal the top card of your deck, return it to the bottom of your deck. If the revealed card is a Target Monster, until the end of the hunt, Target Monsters in the Hunting Ground receive +300 Power.	
5	Common	24	Target Monster	ダイミョウザザミ	Daimyo Hermitaur	400	4★	-	-	-	1	Crab (Yellow)	-	-	-	砂漠	<オープン>: 相手の準備ゾーンにあるカードを１枚選んで、表向きにする。	NAKAGAWA	-	-	Desert	<Open>: Choose 1 card in your opponent's Preparation Zone, flip it face up.	
5	Common	25	Target Monster	ババコンガ	Congalala	400	4★	-	-	-	0	Hide (Yellow)	-	-	-	密林	<アクティヴ/準備ゾーン>[このカードを捨てる]: 相手は狩りの終了時まで、アクティヴ能力を使用できない。	木下 勇樹	-	-	Jungle	<Active / Preparation Zone>[Discard this card]: Until the end of your opponent's hunt, active abilities cannot be used.	<Active / Preparation Zone>[Discard this card]: Until the end of one of your opponent's hunts, active abilities cannot be used.
5	Common	26	Target Monster	フルフル亜種	Red Khezu	400	4★	-	-	-	1	Shell (Yellow)	-	-	-	雪山	<オープン>: 狩場にある★３以上のハンターを１枚選んで、狩りの終了時まで、パワー -500。	Toronn	-	-	Arctic Ridge	<Open>: Choose 1 3★ Hunter in the Hunting Ground, until the end of the hunt, it receives -500 Power.	
5	Common	27	Target Monster	リオレイア	Rathian	400	4★	-	-	-	1	Scale (Yellow)	-	-	-	密林	<アクティヴ/準備ゾーン>[このカードを捨てる]: 狩りの終了時まで、狩場にあるターゲットモンスターのパワー +200。	funbolt	-	-	Jungle	<Active / Preparation Zone>[Discard this card]: Until the end of the hunt, Target Monsters in the Hunting Ground receive +200 Power.	
5	Common	28	Target Monster	ヴォルガノス	Lavasioth	1700	5★	-	-	-	1	Shell (Red)	-	-	-	火山	<オープン>: 相手の手札が３枚以下しかない場合、狩場にある★３以上のハンターを１枚選んで、狩りの終了時まで、パワー -1000。	伊藤 サトシ	-	-	Volcano	<Open>: If your opponent has 3 or less cards in their hand, choose 1 3★ or above Hunter in the Hunting Ground, until the end of the hunt, it receives -1000 Power.	
5	Uncommon	29	Target Monster	クイーンランゴスタ	Vespoid Queen	1700	5★	-	-	-	0	Bug (Red)	-	-	-	密林	<オート/狩場>: このカードが討伐された時、このカードを討伐したカードを横向きにする。{{{LINEBREAK}}}<オープン>: あなたの山札から「ランゴスタ」を１枚まで選んで、相手に見せてから手札に加える。その後、シャッフルする。	Hirokorin	-	-	Jungle	<Auto / Hunting Ground>: When this card is slain, turn the card that slew this card sideways.{{{LINEBREAK}}}<Open>: Choose 1 "Vespoid" from your deck, show it to your opponent and add it to your hand. Then, shuffle your deck.	<Auto / Hunting Ground>: When this card is slain, turn the card that slew this card sideways.{{{LINEBREAK}}}<Open>: Choose 1 "Vespoid" from your deck, reveal it and add it to your hand. Then, shuffle your deck.
5	Rare	30	Target Monster	クシャルダオラ	Kushala Daora	1800	6★	-	-	-	1	Gem (Purple)	-	-	-	砂漠	<部位破壊/尻尾>: 狩りの終了時まで、このカードのパワー -600。	甲壱	-	-	Desert	<Part Break / Tail>: Until the end of the hunt, this card receives -600 Power.	
5	Uncommon	31	Target Monster	グラビモス	Gravios	1700	6★	-	-	-	1	Mantle (Red)	-	-	-	火山	<アクティヴ/準備ゾーン>[このカードを捨てる]: 相手の準備ゾーンにあるカードを１枚まで選んで、表向きにする。	古賀 マサヲ	-	-	Volcano	<Active / Preparation Zone>[Discard this card]: Choose 1 card in your opponent's Preparation Zone, flip it face up.	
5	Uncommon	32	Target Monster	テオ・テスカトル	Teostra	1700	6★	-	-	-	0	Gem (Purple)	-	-	-	沼地	<アクティヴ/準備ゾーン>[このカードを捨てる]: 狩りの終了時まで、狩場にあるギルドモンスターのパワー -600。	Toronn	-	-	Marshlands	<Active / Preparation Zone>[Discard this card]: Until the end of the hunt, Guild Monsters in the Hunting Ground receive -600 Power.	
5	Common	33	Target Monster	ナルガクルガ	Nargacuga	1700	6★	-	-	-	1	Mantle (Red)	-	-	-	樹海	<オート/準備ゾーン>: 準備ゾーンにある裏向きのこのカードが相手のカードの能力で表向きになった時、キャンプか狩場にあるハンターを１枚選んで、ターンの終了時まで、パワー -1000。	NAKAGAWA	-	-	Great Forest	<Auto / Preparation Zone>: When your opponent uses an ability to turn this face down card in the Preparation Zone face up, choose 1 Hunter from your Camp or the Hunting Ground, until the end of the hunt, it recives -1000 Power.	<Auto / Preparation Zone>: If this card is face down in your Preparation Zone and your opponent uses an ability to flip this card face up, choose 1 Hunter from your Camp or the Hunting Ground, until the end of the hunt, it recives -1000 Power.
5	Uncommon	34	Target Monster	ラオシャンロン	Lao-Shan Lung	1900	6★	-	-	-	0	Shell (Red)	-	-	-	砦	-	タカヤム トシアキ	-	-	Fortress	-	
5	Ultra Rare	35	Target Monster	ラギアクルス	Lagiacrus	2600	6★	-	-	-	1	Shell (Red)	-	-	-	孤島	<オート/狩場>: あなたのカードがこのカードを討伐した時、このカードをサブデッキ置場に表向きで置きてよい。置きたならば、このカードを討伐したカードを横向きにする。{{{LINEBREAK}}}<オート>: このカードがサブデッキ置場にある場合、あなたのGP +500。	Kou Takano	-	-	Deserted Island	<Auto / Hunting Ground>: When a card you control slays this card, place this card on your sub deck face up. If you do, turn the card that slew this card sideways.{{{LINEBREAK}}}<Auto>: While this card is in your sub deck, gain 500 GP.	
5	Rare	36	Target Monster	イャンガルルガ	Yian Garuga	2500	7★	-	-	-	1	Shell (Red)	-	-	-	森丘	<オープン>: 狩りの終了時まで、狩場にある★３以上のギルドモンスターのパワー -900。	山宗	-	-	Verdant Hills	<Open>: Until the end of the hunt, 3★ or above Guild Monsters in the Hunting Ground receive -900 Power.	
5	Ultra Rare	37	Target Monster	ディアブロス亜種	Black Diablos	3300	7★	-	-	-	1	Shell (Red)	-	-	-	砂漠	<オープン>: 狩場にあるハンターを１枚選んで、狩りの終了時まで、パワー -200。その後、砂漠にあるハンターを１枚選んで、狩りの終了時まで、パワー -600。	中北 晃二	-	-	Desert	<Open>: Choose 1 Hunter in the Hunting Ground, until the end of the hunt, it receives -200 Power. Then, choose 1 Hunter in the Desert, until the end of the hunt, it receivess -600 Power.	<Open>: Choose 1 Hunter in the Hunting Ground, until the end of the hunt, it receives -200 Power. Then, if you are hunting in the Desert, choose 1 Hunter in the Hunting Ground, until the end of the hunt, it receives -600 Power.
5	Rare	38	Target Monster	ヤマツカミ	Yama Tsukami	4800	8★	-	-	-	2	Shell (Red)	-	-	-	塔	<オープン>: 相手の手札が６枚以上ある場合、狩場にある相手のハンターを１枚選んで、狩りの終了時まで、パワー -1000。	Kuratch!	-	-	Tower	<Open>: If your opponent has 6 or more cards in their hand, choose 1 Hunter your opponent controls from the Hunting Ground, until the end of the hunt, it recives -1000 Power.	
5	Rare	39	Target Monster	ラージャン	Rajang	6200	8★	-	-	-	3	Shell (Red)	-	-	-	火山	<オート/準備ゾーン>: 準備ゾーンにある裏向きのこのカードが相手のカードの能力で表向きになった時、相手は自分の手札をすべて捨てる。	松島 一夫	-	-	Volcano	<Auto / Preparation Zone>: When your opponent uses an ability to turn this face down card in the Preparation Zone face up, your opponent discards all of their hand.	<Auto / Preparation Zone>: If this card is face down in your Preparation Zone and your opponent uses an ability to flip this card face up, your opponent discards all of their hand.
5	Common	40	Hunter	リュウノアギト	Wyvern Jawblade	400	1★	Great Sword	-	-	-	-	-	ハンターシリーズ	-	-	-	渡邊 里恵香	Hunter's Armor	-	-	-	
5	Common	41	Hunter	スローター	Slaughter	800	3★	Great Sword	Great Sword	Shell (Yellow) + 1	-	-	-	ゲネポスSシリーズ	-	-	<オープン>[Shell (Yellow)]: キャンプか狩場にあなたの『大剣』がある場合、狩りの終了時まで、狩場にあるターゲットモンスターのパワー -400。	安達 洋介	Genprey S Armor	-	-	<Open>[Shell (Yellow]: If you control a "Great Sword" Hunter in your Camp or the Hunting Ground, until the end of the hunt, Target Monsters in the Hunting Ground receive -400 Power.	
5	Rare	42	Hunter	テスカ・デル・ソル	Teostra del Sol	1200	6★	Great Sword	Great Sword	Gem (Purple) + 1	-	-	-	ギザミZシリーズ	-	-	<部位破壊/尻尾>{{{LINEBREAK}}}<アクティヴ/狩場>[Gem (Purple)]: 狩りの終了時まで、このカードのパワー +700。	funbolt	Hermitaur X Armor	-	-	<Part Break / Tail>{{{LINEBREAK}}}<Active / Hunting Ground>[Gem (Purple)]: Until the end of the hunt, this card receives +700 Power.	
5	Common	43	Hunter	飛竜刀【青葉】	Wyvern Blade "Leaf"	300	1★	Long Sword	-	-	-	-	-	バトルシリーズ	-	-	<オート/狩場>: あなたの準備ゾーンに表向きのカードが１枚もない場合、このカードのパワー +200。	百瀬 寿	Battle Armor	-	-	<Auto / Hunting Ground>: If you have no face up cards in your Preparation Zone, this card receives +200 Power.	
5	Uncommon	44	Hunter	飛竜刀【葵】	Wyvern Blade "Holly"	700	3★	Long Sword	Long Sword	Shell (Yellow)	-	-	-	ブランゴUシリーズ	-	-	<オート/狩場>: あなたの準備ゾーンに表向きのカードが１枚もない場合、このカードのパワー +400。	百瀬 寿	Blango U Armor	-	-	<Auto / Hunting Ground>: If you have no face up cards in your Preparation Zone, this card receives +400 Power.	
5	Rare	45	Hunter	飛竜刀【銀】	Wyvern Blade "Silver"	1400	6★	Long Sword	Long Sword	Mantle (Red)	-	-	-	レックスXシリーズ	-	-	<オート/狩場>: あなたの準備ゾーンに表向きのカードが１枚もない場合、このカードのパワー +600。	百瀬 寿	Tigrex X Armor	-	-	<Auto / Hunting Ground>: If you have no face up cards in your Preparation Zone, this card receives +600 Power.	
5	Common	46	Hunter	ソルジャーダガー	Soldier's Dagger	200	1★	Sword and Shield	-	-	-	-	-	ジャギィシリーズ	-	-	<オート/狩場>: キャンプか狩場にあなたの『大剣』がある場合、あなたのサブデッキ置場にある表向きのカード１枚につき、このカードのパワー +200。	百瀬 寿	Jaggi Armor	-	-	<Auto / Hunting Ground>: If you control a "Great Sword" Hunter in your Camp or the Hunting Ground, for every face up card in your sub deck, this card receives +200 Power.	
5	Common	47	Hunter	ヒドゥンエッジ	Hidden Edge	800	4★	Sword and Shield	Sword and Shield	Scale (Yellow)	-	-	-	バサルSシリーズ	-	-	-	Kuratch!	Basarios S Armor	-	-	-	
5	Rare	48	Hunter	闇夜剣【昏冥】	Midnight Blades	1200	6★	Sword and Shield	Sword and Shield	Mantle (Red)	-	-	-	エンプレスXシリーズ	-	-	<オート/狩場>: このカードは相手のカードの能力に選ばれない。{{{LINEBREAK}}}<オート/キャンプ>: このカードは相手のカードの能力に選ばれない。	Daisuke Izuka	Empress X Armor	-	-	<Auto / Hunting Ground>: This card cannot be chosen by your opponent's card Abilities.{{{LINEBREAK}}}<Auto / Camp>: This card cannot be chosen by your opponent's card Abilities.	<Auto / Hunting Ground>: This card cannot be targeted by your opponent's card Abilities.{{{LINEBREAK}}}<Auto / Camp>: This card cannot be targeted by your opponent's card Abilities.
5	Common	49	Hunter	クックツインズ改	Twin Kut-Ku+	300	2★	Dual Blades	-	-	-	-	-	ガルルガシリーズ	-	-	<オート/キャンプ>：ターンの開始時、あなたの手札を５枚まで選んで、準備ゾーンに表向きか裏向きで出す。ただし、イベントを表向きで出すことはできず、あなたの準備ゾーンにあるカードが５枚を超えるように出すこともできない。	山﨑 奈苗	Garuga Armor	-	-	<Auto / Camp>: At the start of the turn, choose up to 5 cards in your hand, place them into the Preparation Zone face up or face down. However, Events cannot be placed face up, and you cannot place more than 5 cards in your Preparation Zone.	Same text as B04-29
5	Uncommon	50	Hunter	轟爪【虎血】	Tigrex Claws	1000	4★	Dual Blades	Dual Blades	Scale (Yellow) + 1	-	-	-	ヒプノSシリーズ	-	-	<オート/狩場>: あなたの手札が相手の手札より多い場合、このカードのパワー -500。	KENZY	Hypno S Armor	-	-	<Auto / Hunting Ground>: If you have more cards in hand than your opponent, this card recives -500 Power.	
5	Ultra Rare	51	Hunter	機神双鋸	Divine Power Saws	1800	5★	Dual Blades	Dual Blades	Shell (Red)	-	-	-	グラビドZシリーズ	-	-	<オート/キャンプ>: このカードが参加した狩りの終了時、このカードを横向きにする。	中北 晃二	Gravios Z Armor	-	-	<Auto / Camp>: When the hunt this card participates in ends, turn this card sideways	
5	Common	52	Hunter	クリスタルノヴァ	Crystal Nova	500	2★	Hammer	-	-	-	-	-	スティールシリーズ	-	-	<オート/キャンプ>: このカードは相手のターンの狩りに参加できない。	渡邊 里恵香	Steel Armor	-	-	<Auto / Camp>: This card cannot participate in hunts on your opponent's turn.	
5	Uncommon	53	Hunter	グレートノヴァ	Great Nova	1000	3★	Hammer	Hammer	Shell (Yellow)	-	-	-	ディアブロSシリーズ	-	-	<オート/キャンプ>: あなたの手札が３枚以上ある場合、このカードは相手のターンの狩りに参加できない。	渡邊 里恵香	Diablos S Armor	-	-	<Auto / Camp>: If you have 3 or more cards in your hand, this card cannot participate in hunts on your opponent's turn.	
5	Rare	54	Hunter	スーパーノヴァ	Super Nova	1800	5★	Hammer	Hammer	Shell (Red)	-	-	-	フルフルZシリーズ	-	-	<オート/キャンプ>: あなたの手札が６枚以上ある場合、このカードは相手のターンの狩りに参加できない。	渡邊 里恵香	Khezu Z Armor	-	-	<Auto / Camp>: If you have 6 or more cards in your hand, this card cannot participate in hunts on your opponent's turn.	
5	Uncommon	55	Hunter	ソニックビードロー	Sonic Glass	300	1★	Hunting Horn	-	-	-	-	-	クックDシリーズ	-	-	<オート/狩場>: 狩場にあるあなたのギルドモンスターのパワー +100。	N.A	Kut-Ku D Armor	-	-	<Auto / Hunting Ground>: Guild Monsters you control in the Hunting Ground receive +100 Power.	
5	Common	56	Hunter	ゴルトリコーダー	Gold Recorder	600	4★	Hunting Horn	Hunting Horn	Scale (Yellow)	-	-	-	金色シリーズ	-	-	<オープン>: キャンプか狩場にあなたの『狩猟笛』がある場合、狩場にあるあなたの★３以上のハンターを１枚選んで、狩りの終了時まで、パワー +300。	増田 幹生	Golden Armor	-	-	<Open>: If you control a "Hunting Horn" Hunter in your Camp or the Hunting Ground, choose 1 3★ or above Hunter in the Hunting Ground, until the end of the hunt, it receives +300 Power.	
5	Uncommon	57	Hunter	マジンノオカリナ	Genie's Ocarina	1400	6★	Hunting Horn	Hunting Horn	Gem (Purple) + 2	-	-	-	ミヅハ真シリーズ	-	-	<オート/キャンプ>: このカードが手札か準備ゾーンからキャンプに出た時、あなたの捨場にあるカードを３枚選んで、山札に戻す、シャッフルする。	添田 一平	Grand Mizuha Armor	-	-	<Auto / Camp>: When this card enters the Camp from your hand or Preparation Zone, choose up to 3 cards from your discard pile, return them to your deck and shuffle it.	<Auto / Camp>: When this card enters your Camp from your hand or Preparation Zone, choose up to 3 cards from your discard pile, return them to your deck and shuffle it.
5	Common	58	Hunter	雷槍【イカズチ】	Thunderspear	300	2★	Lance	-	-	-	-	-	キリンシリーズ	-	-	<オート/キャンプ>：ターンの開始時、あなたの手札を５枚まで選んで、準備ゾーンに表向きか裏向きで出す。ただし、イベントを表向きで出すことはできず、あなたの準備ゾーンにあるカードが５枚を超えるように出すこともできない。	春乃壱	Kirin Armor	-	-	<Auto / Camp>: At the start of the turn, choose up to 5 cards in your hand, place them into the Preparation Zone face up or face down. However, Events cannot be placed face up, and you cannot place more than 5 cards in your Preparation Zone.	Same text as B04-29
5	Rare	59	Hunter	轟槍【独虎】	Tigrex Lance	400	4★	Lance	Lance	Scale (Yellow) + 1	-	-	-	フルフルSシリーズ	-	-	<オート/狩場>: 相手の準備ゾーンにある裏向きのカード１枚につき、このカードのパワー+300。	MID	Khezu S Armor	-	-	<Auto / Hunting Ground>: For each face down card in your opponent's Preparation Zone, this card receives +300 Power.	
5	Rare	60	Hunter	蛇槍【ウロボロス】	Ouroboros Serpentblade	1300	5★	Lance	Lance	Shell (Red) + 1	-	-	-	ガルルガXシリーズ	-	-	<オート/狩場>: 狩場にあるターゲットモンスターのパワー -400。	N.A	Garuga X Armor	-	-	<Auto / Hunting Ground>: Target Monsters in the Hunting Ground receive -400 Power.	
5	Common	61	Hunter	龍木ノ槍	Dragonwood Gunlance	300	1★	Gunlance	-	-	-	-	-	メルホアシリーズ	-	-	<オート/狩場>: このカードが討伐した時、あなたの山札の１番上のカードを裏向きで素材置場に置く。	AMON	Melahoa Armor	-	-	<Auto / Hunting Ground>: When this card slays a Target Monster, place the top most card of your deck face down in your Material Storage.	
5	Uncommon	62	Hunter	ナナ=フレア	Luna's Flare	700	4★	Gunlance	Gunlance	Scale (Yellow)	-	-	-	ゲリョスUシリーズ	-	-	<オート/キャンプ>: このカードが手札か準備ゾーンからキャンプに出た時、相手の準備ゾーンにある★４以下のターゲットモンスターを１枚選んで、捨てる。	AMON	Gypceros U Armor	-	-	<Auto / Camp>: When this card enters the Camp from your hand or Preparation Zone, choose 1 4★ or above Target Monster in your opponent's Perparation Zone, discard it.	<Auto / Camp>: When this card enters your Camp from your hand or Preparation Zone, choose 1 4★ or above Target Monster in your opponent's Perparation Zone, discard it.
5	Rare	63	Hunter	海滅槍アビス	Sea Abyss	1200	6★	Gunlance	Gunlance	Shell (Yellow)	-	-	-	クロオビXシリーズ	-	-	<アクティヴ/狩場>[このカードを横向きにする]: 狩りの終了時まで、狩場にあるターゲットモンスターのパワー -700。	ctype	Black Belt X Armor	-	-	<Active / Hunting Ground>[Discard this card]: Until the end of the hunt, Target Monsters in the Hunting Ground receive -700 Power.	
5	Common	64	Hunter	蒼桜の対弩	Azure Sakura	500	2★	Light Bowgun	-	-	-	-	-	ギザミシリーズ	-	-	<オート/キャンプ>: あなたの手札の上限は３枚少なくなる。	添田 一平	Ceanataur Armor	-	-	<Auto / Camp>: Redue your hand limit by 3.	
5	Rare	65	Hunter	火竜弩	Fire Wrath	400	4★	Light Bowgun	Light Bowgun	Scale (Yellow)	-	-	-	曙丸・皇シリーズ	-	-	<オート/狩場>: あなたの素材置場にカードが３枚以上ある場合、このカードのパワー +600。	NAKAGAWA	Genesis U Armor	-	-	<Auto / Hunting Ground>: If you have 3 cards or more in your Material Storage, this card receives +600 Power.	
5	Common	66	Hunter	蒼穹桜花の対弩	Pollination	1500	6★	Light Bowgun	Light Bowgun	Mantle (Red)	-	-	-	レウスXシリーズ	-	-	-	N.A	Rathalos X Armor	-	-	-	
5	Common	67	Hunter	ナナホシ大砲	Ladybug Cannon	300	2★	Heavy Bowgun	-	-	-	-	-	パピメルシリーズ	-	-	<オート/キャンプ>：ターンの開始時、あなたの手札を５枚まで選んで、準備ゾーンに表向きか裏向きで出す。ただし、イベントを表向きで出すことはできず、あなたの準備ゾーンにあるカードが５枚を超えるように出すこともできない。	安達 洋介	Butterfly Armor	-	-	<Auto / Camp>: At the start of the turn, choose up to 5 cards in your hand, place them into the Preparation Zone face up or face down. However, Events cannot be placed face up, and you cannot place more than 5 cards in your Preparation Zone.	Same text as B04-29
5	Uncommon	68	Hunter	ガオレンスフィア	Gaoren's Fire	500	4★	Heavy Bowgun	Heavy Bowgun	Shell (Yellow)	-	-	-	モノデビルUシリーズ	-	-	<アクティヴ/キャンプ>[素材③]: 狩りの終了時まで、狩場にあるターゲットモンスターのパワー -600。	koji	Monodevil U Armor	-	-	<Active / Camp> [Material ③]: Until the end of the hunt, Target Monsters in the Hunting Ground receive -600 Power.	
5	Common	69	Hunter	グラビドギガロア	Gravios Gigaroar	1500	5★	Heavy Bowgun	Heavy Bowgun	Gem (Purple)	-	-	-	トヨタマ真シリーズ	-	-	-	米川 東	Grand Cham Armor	-	-	-	
5	Common	70	Hunter	オオバサミII	Daimyo's Warbow II	200	2★	Bow	-	-	-	-	-	ブランゴシリーズ	-	-	<オート/狩場>: キャンプか狩場にあなたの『ランス』がある場合、このカードのパワー +300。	dhr dhr	Blango Armor	-	-	<Auto / Hunting Ground> If you control a "Lance" Hunter in your Camp or the Hunting Ground, this card receives +300 Power.	
5	Uncommon	71	Hunter	ブルーブレイドボウII	Blue Blade Bow II	1200	3★	Bow	Bow	Crab (Yellow) + 3	-	-	-	タロスSシリーズ	-	-	-	koji	Hornet S Armor	-	-	-	
5	Rare	72	Hunter	クイーンブラスターV	Queen Blaster V	1300	6★	Bow	Bow	Mantle (Red)	-	-	-	リオソウルZシリーズ	-	-	<オープン>[素材②]: キャンプか狩場にあなたの『弓』がある場合、狩りの終了時まで、狩場にあるターゲットモンスターのパワー -600。	Noran Gom	Rath Soul X Armor	-	-	<Open>[Material ②]: If you control a "Bow" in your Camp or the Hunting Ground, until the end of the hunt, Target Monsters in the Hunting Ground receive -600 Power.	
5	Common	73	Event	狩りの時間	Hunting Time	-	-	-	-	1	-	-	-	-	-	-	<イベント>: あなたの手札を１枚選んで、捨てる。捨てたならば、あなたの山札からギルドモンスターを１枚選んで、相手に見せてから手札に加える。その後、シャッフルする。	NINNIN	-	-	-	<Event>: Choose 1 card from your hand, discard it. If you do, choose 1 Guild Monster from your deck, reveal it and add it to your hand. Then, shuffle your deck.	
5	Uncommon	74	Event	岩弾		-	-	-	-	X	-	-	-	-	-	-	【固有技】<オープン>: キャンプか狩場にあなたの★3以上の「ティガレックス※」がある場合、砂漠で狩りをしているならば、相手のキャンプにある★4以下の縦向きのカードを１枚選んで、横向きにする。そのカードは次の相手のターンの支給フェイズに縦向きにならない。	Noran Gom	-	-	-	【Signature Ability】<Open>: If you control a 3★ or above "※Tigrex" in your Camp or the Hunting Ground, and you are hunting in the Desert, choose 1 forward facing 4★or below card from your opponent's Camp, turn it sideways. On your opponent's next turn, turn that card forwards during their Supply Phase.	
5	Uncommon	75	Event	電気ブレス	Thunder Breath	-	-	-	-	X	-	-	-	-	-	-	【固有技】<オープン>:キャンプか狩場にあなたの★3以上の「フルフル※」がある場合、相手の手札が1枚もないならば、キャンプと狩場にある相手のすべてのハンターを横向きにする。	山崎 太郎	-	-	-	【Signature Ability】<Open>: If you control a 3★ or above "※Khezu" in your Camp or the Hunting Ground, and your opponent has no cards in their hand, turn all Hunters your opponent controls in their Camp and the Hunting Ground sideways.	
5	Common	76	Event	ネコートさん	Felcote	-	-	-	-	1	-	-	-	-	-	-	<イベント>: あなたの山札から★5以上のギルドモンスターか★5以上のターゲットモンスターを1枚まで選んで、相手に見せてから手札に加える。その後、シャッフルする。	十葉 一駒	-	-	-	<Event>: Choose 1 5★ or above Guild Monster or Target Monster from your deck, reveal it and add it to your hand. Then, shuffle your deck.	
5	Rare	77	Event	熱線		-	-	-	-	X	-	-	-	-	-	-	【固有技】<オープン>: キャンプか狩場にあなたの★3以上の「グラビモス亜種※」がある場合、あなたの山札が5枚以下しかないならば、狩りの終了時まで、狩場にあるターゲットモンスターのパワー -2000。	米谷 尚展	-	-	-	【Signature Ability】<Open>: If you control a 3★ or above "※Black Gravios" in your Camp or the Hunting Ground, and your deck contains 5 cards or less, until the end of the hunt, Target Monsters in the Hunting Ground receive -2000 Power.	
5	Ultra Rare	78	Event	炎ブレス	Fire Breath	-	-	-	-	X	-	-	-	-	-	-	【固有技】<オープン>: キャンプか狩場にあるの★3以上の「リオレウス※」がある場合、あなたの捨場にターゲットモンスターが１５枚以上あるならば、相手の準備ゾーンにあるすべてのカードを表向きにする。	三好 載克	-	-	-	【Signature Ability】<Open>: If you control a 3★ or above "Rathalos ※" in your Camp or the Hunting Ground, and your discard pile contains 15 or more Target Monster cards, turn all cards in your opponent's Preparation Zone face up.	
5	Common	79	Event	猛ダッシュ		-	-	-	-	X	-	-	-	-	-	-	【固有技】<オープン>[素材⑦]: 狩りの終了時まで、狩場にあるギルドモンスターのパワー +2000。	Mitsuhiro Arita	-	-	-	【Signature Ability】<Open>[Material ⑦]: Until the end of the Hunt, Guild Monsters in the Hunting Ground receive +2000 Power.	
5	Common	80	Quest	強敵、ドスギアノス現る!	A True Foe - The Giadrome!	-	-	-	-	-	-	-	100	-	-	-	条件: ★1以上の「ドスギアノス」討伐{{{LINEBREAK}}}<オート>: このカードを表向きにした時、あなたの山札から★5以上のターゲットモンスターを1枚まで選んで、相手に見せてから手札に加える。その後、シャッフルする。	funbolt	-	-	-	Condition: Slay a 1★ or above "Giadrome"{{{LINEBREAK}}}<Auto>: When this card is flipped face up, choose 1 5★ or above Target Monster from your deck, show it to your opponent and add it to your hand. Then, shuffle your deck.	Condition: Slay a 1★ or above "Giadrome"{{{LINEBREAK}}}<Auto>: When this card is flipped face up, choose 1 5★ or above Target Monster from your deck, reveal it and add it to your hand. Then, shuffle your deck.
5	Common	81	Quest	女王虫の羽音	The Beating of Royal Wings	-	-	-	-	-	-	-	200	-	-	-	条件: ★5以上の「クイーンランゴスタ」討伐	木下 勇樹	-	-	-	Condition: Slay a 5★ or above "Queen Vespoid"	
5	Common	82	Quest	巨大龍の侵攻	A Giant Dragon Invades!	-	-	-	-	-	-	-	500	-	-	-	条件: ★6以上の「ラオシャンロン」討伐	村山 竜大	-	-	-	Condition: Slay a 6★ or above "Lao-Shan Lung"	
5	Common	83	Quest	薄暮に荒れる黒き凶風	The Biting Winds of Twilight	-	-	-	-	-	-	-	600	-	-	-	条件: ★7以上の「イャンガルルガ」討伐	仙田 聡	-	-	-	Condition: Slay a 7★ or above "Yian Garuga"	
5	Common	84	Quest	黒き角竜の猛攻	The Fierce Black Horn	-	-	-	-	-	-	-	800	-	-	-	条件: ★7以上の「ディアブロス亜種」討伐	米川 東	-	-	-	Condition: Slay a 7★ or above "Black Diablos"	
5	Common	85	Quest	浮岳龍	The Floating Dragon	-	-	-	-	-	-	-	1200	-	-	-	条件: ★8以上の「ヤマツカミ」討伐	村上 ヒサシ	-	-	-	Condition: Slay an 8★ or above "Yama Tsukami"	
5	Rare	86	Quest	金獅子襲来!	Attack of the Rajang	-	-	-	-	-	-	-	1600	-	-	-	条件: ★8以上の「ラージャン」討伐	dhr dhr	-	-	-	Condition: Slay an 8★ or above "Rajang"	
5	Common	87	Buddy	ご挨拶するのニャ	Purring Respects	-	-	-	-	4	-	-	-	-	-	-	<オトモ>: あなたと相手は自分の手札をすべて山札に戻し、シャッフルする。その後、あなたと相手はカードを3枚引く。	toma	-	-	-	<Buddy>: You and your opponent both return your hands back to your decks and shuffle. Then, you both draw 3 cards.	
5	Uncommon	88	Buddy	熟成を待つっチャ		-	-	-	-	3	-	-	-	-	-	-	<オトモ>: 相手のGPがあなたのGPより多い場合、狩場にある相手のハンターを1枚選んで、狩りの終了時まで、パワー -800。	toma	-	-	-	<Buddy>: If your opponent has more GP than you, choose a Hunter your opponent controls in the Hunting Ground, until the end of the hunt, it receives -800 Power.	
5	Common	89	Buddy	ふんばるっチャ		-	-	-	-	2	-	-	-	-	-	-	<オトモ>: 相手のGPがあなたのGPより多い場合、狩場にあるハンターを１枚選んで、狩りの終了時まで、パワー +800。	松島 一夫	-	-	-	<Buddy>: If your opponent has more GP than you, choose a Hunter in the Hunting Ground, until the end of the hunt, it receives +800 Power.	
5	Common	90	Buddy	瞑想するニャ	Meowditation	-	-	-	-	1	-	-	-	-	-	-	<オトモ>: カードを3枚引き、あなたの手札を2枚選んで、捨てる。	齋藤 直葵	-	-	-	<Buddy>: Draw 3 cards, then choose 2 cards from your hand, discard them.	
6	Common	1	Guild Monster	ドスジャギィ※	※Great Jaggi	500	2★	-	-	-	-	-	-	-	ジャギィシリーズ x1	-	<オープン>: 狩りの終了時まで、狩場にあるギルドモンスターのパワー-500。	米川 東	-	Jaggi Armor	-	<Open>: Until the end of the hunt, Guild Monsters in the Hunting Ground get -500 power.	
6	Common	2	Guild Monster	ババコンガ※	※Congalala	1500	3★	-	-	-	-	-	-	-	コンガSシリーズ x1	-	<オート/キャンプ>:このカードが参加した狩りの終了時、このカードを手札に戻す。	Toronn	-	Conga S Armor	-	<Auto/Camp>: When a hunt this card participated in ends, return it to your hand.	
6	Common	3	Guild Monster	ガノトトス※	※Plesioth	1200	4★	-	-	-	-	-	-	-	ガノスSシリーズ x1	-	<オート/狩場>: 密林か砂漠にこのカードがある場合、このカードのパワー+400。	山宗	-	Plesioth S Armor	-	<Auto/Hunting Ground>: If this card is in jungle or desert, it gets +400 power.	
6	Rare	4	Guild Monster	キリン※	※Kirin	1700	4★	-	-	-	-	-	-	-	キリンSシリーズ x1	-	<古龍出現> {{{LINEBREAK}}}<オート/準備ゾーン>: 準備ゾーンにある裏向きのこのカード{{{LINEBREAK}}}が相手のカードの能力で表向きになった時、相手の山札の上からカードを5枚捨てる。	緑川 美帆	-	Kirin S Armor	-	<Elder Dragon Arrival>{{{LINEBREAK}}}<Auto/Preparation Zone>: When this card is face down in your Preparation Zone and is flipped face up by your opponent, discard 5 cards from the top of your opponent's deck.	
6	Ultra Rare	5	Guild Monster	ラギアクルス※	※Lagiacrus	1300	4★	-	-	-	-	-	-	-	ラギアGシリーズ x1	-	<アクティヴ/狩場> [手札③]: このカードを狩場の好きな位置に移動する。	中北 晃二	-	Lagiacrus G Armor	-	<Active/Hunting Ground> [Hand ③]: Move this card to your preferred place in the Hunting Ground.	
6	Rare	6	Guild Monster	リオレウス希少種※	※Silver Rathalos	1600	4★	-	-	-	-	-	-	-	シルバーソルシリーズ x1	-	<アクティヴ/準備ゾーン>[このカードを捨てる]: 狩場にあなたの 「リオレウス希少種※」がある場合、相手の準備ゾーンにあるカードを1枚選んで、捨てる。	NAKAGAWA	-	Silver Sol Armor x1	-	<Active/Hunting Ground> [Discard this card]: If your "Silver Rathalos" is in the Hunting Ground, pick one card in your opponent's Preparation Zone and discard it.	
6	Common	7	Guild Monster	ダイミョウザザミ亜種※	※Plum Daimyo Hermitaur	1900	5★	-	-	-	-	-	-	-	サザミZシリーズ x1	-	<アクティヴ/狩場>[手札①]: 相手の準備ゾーンにある表向きのカードを1枚選んで、裏向きにする。	中北 晃二	-	Hermitaur Z Armor	-	<Active/Hunting Ground> [Hand ①]: Pick one face up card in your opponent's Preparation Zone and turn it face down.	
6	Rare	8	Guild Monster	イャンガルルガ※	※Yian Garuga	1900	6★	-	-	-	-	-	-	-	ガルルガXシリーズ x1	-	<アクティヴ/狩場>[手札①]:相手の準備ゾーンにあるターゲットモンスターを1枚選んで、捨てる。	村山 竜大	-	Garuga X Armor	-	<Active/Hunting Ground> [Hand ①]: Pick one of your opponent's Target Monsters in the Hunting Ground and discard it.	
6	Rare	9	Guild Monster	ティガレックス※	※Tigrex	2000	6★	-	-	-	-	-	-	-	レックスXシリーズ x1	-	<アクティヴ / 狩場>[肉]:狩りの終了時まで、このカードの{{{LINEBREAK}}}パワー+500。	山崎 太郎	-	Tigrex X Armor	-	<Active/Hunting Ground> [Meat Icon]: Until the end of the hunt, this card gets +500 power.	The card itself has a well-done steak icon in place of "Meat Icon"
6	Rare	10	Guild Monster	ナルガクルガ※	※Nargacuga	2000	6★	-	-	-	-	-	-	-	ナルガXシリーズ x1	-	<アクティヴ/キャンプ> [手札①]: このカードを縦向きにする。	Takano	-	Nargacuga X Armor	-	<Active/Camp>: [Hand ①]: Turn this card vertical.	
6	Common	11	Target Monster	ギアノス	Giaprey	0	1★	-	-	-	0	Scale (Yellow)	-	-	-	雪山	<オープン>: 狩場にあるハンターを１枚選んで、ターンの終了時まで、パワー -200。	Mitsuhiro Arita	-	-	Arctic Ridge	<Open>: Choose 1 Hunter in the Hunting Ground, until the end of the turn, it receives -200 Power.	
6	Common	12	Target Monster	ギィギ	Giggi	0	1★	-	-	-	0	Hide (Green)	-	-	-	孤島	<オープン>: あなたの準備ゾーンに裏向きのカードが3枚以上ある場合、狩場にあるハンターを１枚選んで、狩りの終了時まで、パワー -300。	米川 東	-	-	Deserted Island	<Open>: If you have 3 or more face down cards in your Preparation Zone, choose 1 Hunter in the Hunting Ground, until the end of the hunt, it receives -300 Power.	
6	Common	13	Target Monster	ポポ	Popo	0	1★	-	-	-	0	Meat	-	-	-	雪山	<オープン>: 雪山か凍土で狩りをしている場合、カードを１枚引く。	米川 東	-	-	Arctic Ridge	<Open>: If you are hunting in the Arctic Ridge or the Tundra, draw 1 card.	
6	Common	14	Target Monster	イャンクック亜種	Blue Yian Kut-Ku	400	3★	-	-	-	1	Scale (Yellow)	-	-	-	密林	<オープン>: 狩りの終了時まで、狩場にあるターゲットモンスターのパワー +200。	Hirokorin	-	-	Jungle	<Open>: Until the end of the hunt, Target Monsters in the Hunting Ground receive +200 Power.	
6	Common	15	Target Monster	ドドブランゴ	Blangonga	300	3★	-	-	-	0	Hide (Yellow)	-	-	-	雪山	<部位破壊/尻尾>: 部位破壊に成功したプレイヤーは自分のキャンプにあるハンターを１枚選んで、捨ててよい。捨てたならば、部位破壊に成功したプレイヤーは自分の手札から★４以下のハンターを１枚選んで、縦向きでキャンプに出す。	山崎 太郎	-	-	Arctic Ridge	<Part Break / Tail>: The player who successfully completes the part break chooses 1 Hunter from their Camp and discards it. If they do, the player who successfully completes the part break chooses one 4 ★ or below Hunter from their hand and places it their Camp facing forward.	
6	Common	16	Target Monster	イャンガルルガ	Yian Garuga	400	4★	-	-	-	1	Scale (Yellow)	-	-	-	森丘	<部位破壊/翼>: ターンの終了時まで、このカードを部位破壊したカードのパワー +200。{{{LINEBREAK}}}<オープン>: 狩りの終了時まで、狩場にある★５以上のターゲットモンスターのパワー +400。	齋藤 直葵	-	-	Verdant Hills	<Part Break / Wing>: Until the end of the turn, the card that performed a part break on this card receives +200 Power.{{{LINEBREAK}}}<Open>: Until the end of the hunt, 5★ or above Target Monsters in the Hunting Ground receive +400 Power.	
6	Common	17	Target Monster	ディアブロス	Diablos	400	4★	-	-	-	0	Shell (Yellow)	-	-	-	砂漠	<部位破壊/角>: 部位破壊に成功したプレイヤーは自分の手札を１枚選んで、捨ててよい。捨てたならば、部位破壊に成功したプレイヤーは自分の山札から「角破壊」を１枚選んで、相手に見せてから手札に加える。その後、シャッフルする。	Noran Gom	-	-	Desert	<Part Break / Horn>: The player who successfully completes the part break chooses 1 card from their hand and discards it. If they do, the player who successfully completes the part break chooses 1 "Horn Break" from their deck, reveals it and adds it to their hand. Then, shuffle the deck.	
6	Common	18	Target Monster	バサルモス	Basarios	400	4★	-	-	-	1	Shell (Yellow)	-	-	-	火山	<オープン>: 相手の準備ゾーンにある★３以下のターゲットモンスターを１枚選んで、捨てる。	前河 悠一	-	-	Volcano	<Open>: Choose 1 3 ★ or below Target Monster from your opponent's Preparation Zone, discard it.	
6	Common	19	Target Monster	モノブロス亜種	White Monoblos	400	4★	-	-	-	1	Shell (Yellow)	-	-	-	砂漠	<部位破壊/尻尾>: 部位破壊に成功したプレイヤーは自分の山札の上からカードを３枚まで見て、その中からカードを好きな枚数選んで、捨てる。その後、残りのカードを好きな順番で山札の上に置く。	古賀 マサヲ	-	-	Desert	<Part Break / Tail>: The player who successfully completes the part break looks at the top three cards of their deck, chooses any number of cards among them and discards them. Then, the remaining cards can be placed back on top of the deck in any order.	
6	Common	20	Target Monster	リオレウス	Rathalos	800	4★	-	-	-	1	Scale (Yellow)	-	-	-	森丘	<部位破壊/翼>: ターンの終了時まで、このカードを部位破壊したカードのパワー +300。{{{LINEBREAK}}}<オープン>: 狩りの終了時まで、狩場にあるターゲットモンスターのパワー +200。	Mitsuhiro Arita	-	-	Verdant Hills	<Part Break / Wing>: Until the end of the turn, the card that performed a part break on this card receives +300 Power.{{{LINEBREAK}}}<Open>: Until the end of the hunt, Target Monsters in the Hunting Ground receive +200 Power.	
6	Rare	21	Target Monster	ギギネブラ	Gigginox	1700	6★	-	-	-	1	Shell (Red)	-	-	-	凍土	<オープン>>: 狩場にあるギルドモンスターかハンターを１枚選んで、狩りの終了時まで、あなたの準備ゾーンにある「ギィギ」１枚につき、パワー -500。	木下 勇樹	-	-	Tundra	<Open>: Choose 1 Guild Monster in the Hunting Ground, until the end of the hunt it receives -500 Power for each "Giggi" in your Preparation Zone.	
6	Rare	22	Target Monster	ナナ・テスカトリ	Lunastra	1800	6★	-	-	-	1	Gem (Purple)	-	-	-	砂漠	<部位破壊/翼>: 狩りの終了時まで、このカードのパワー -600。	古賀 マサヲ	-	-	Desert	<Part Break / Wing>: Until the end of the hunt, this card receives -600 Power.	
6	Rare	23	Target Monster	ボルボロス	Barroth	1700	6★	-	-	-	1	Shell (Red)	-	-	-	砂原	<オープン>: このカードは相手のターンのにしかオープンできない。狩場かキャンプにハンターを１枚選ぶ。そのハンターはターンの終了時まで、次の狩りに参加できない。	甲壱	-	-	Sandy Plains	<Open>: This card can only be opened on your opponent's turn. Choose 1 Hunter from the Hunting Ground or Camp, that Hunter cannot participate in the next hunt until the end of the turn.	
6	Common	24	Target Monster	リオレイア亜種	Pink Rathian	1900	6★	-	-	-	0	Mantle (Red)	-	-	-	密林	<部位破壊/翼>: ターンの終了時まで、このカードを部位破壊したカードのパワー +600。{{{LINEBREAK}}}<オープン>: 狩りの終了時まで、狩場にあるギルドモンスターのパワー -600。	松島 一夫	-	-	Jungle	<Part Break / Wing>: Until the end of the turn, the card that successfully completed the part break on this card receives +600 Power.{{{LINEBREAK}}}<Open>: Until the end of the hunt, Guild Monsters in the Hunting Ground receive -600 Power.	
6	Rare	25	Target Monster	グラビモス	Gravios	2500	7★	-	-	-	1	Mantle (Red)	-	-	-	火山	<オープン>: 相手の捨場にカードが５枚以下しかない場合、狩場にある★３以上のハンターを１枚選んで、狩りの終了時まで、パワー -1000。	伊藤 サトシ	-	-	Volcano	<Open>: If your opponent's discard pile contains 5 or less cards, choose 1 3★ or above Hunter from the Hunting Ground, until the end of the hunt, it receives -1000 Power.	
6	Ultra Rare	26	Target Monster	ラージャン	Rajang	4500	7★	-	-	-	2	Shell (Red)	-	-	-	雪山	<部位破壊/角>: 狩りの終了時まで、このカードのパワー -1000。{{{LINEBREAK}}}<アクティヴ/準備ゾーン>[このカードを捨てる＋手札③]: この能力はあなたのターンにしか使用できない。相手は自分のキャンプにある★６以下のギルドモンスターを山札に戻し、シャッフルする。	ctype	-	-	Arctic Ridge	<Part Break / Horn>: Until the end of the hunt, this card receives -1000 Power.{{{LINEBREAK}}}<Active / Preparation Zone>[Discard this card + Hand ③]: This ability can only be used during your turn. Your opponent returns all 6★ or above Guild Monsters in their Camp to their deck and shuffles.	
6	Ultra Rare	27	Target Monster	ベリオロス	Barioth	4700	8★	-	-	-	2	Shell (Red)	-	-	-	凍土	<オープン>: 狩場にあるパワー2000以上のギルドモンスターかパワー2000以上のハンターを１枚選んで、狩りの終了時まで、パワー -1000。	タカヤマ トシアキ	-	-	Tundra	<Open>: Choose 1 Guild Monster or Hunter with 2000 or more Power in the Hunting Ground, until the end of the hunt, it receives -1000 Power.	
6	Uncommon	28	Hunter	荒くれの大剣	Rugged Great Sword	300	2★	Great Sword	-	-	-	-	-	ジャギィシリーズ	-	-	<アクティヴ/狩場>[このカードを横向きにする]: 狩りの終了時まで、狩場にあるターゲットモンスターのパワー -300。	AMON	Jaggi Armor	-	-	<Active / Hunting Ground>[Turn this card sideways]: Until the end of the hunt, Target Monsters in the Hunting Ground receive -300 Power.	
6	Rare	29	Hunter	召雷剣【麒麟王】	King Thundersword	700	4★	Great Sword	Great Sword	Shell (Yellow) + 1	-	-	-	キリンSシリーズ	-	-	<部位破壊/尻尾>{{{LINEBREAK}}}<アクティヴ/キャンプ>[このカードを横向きにする]: この能力はあなたのターンにしか使用できない。あなたの山札から「キリン※」を１枚選んで、相手に見せてから手札に加える。その後、シャッフルする。	百瀬 寿	Kirin S Armor	-	-	<Part Break / Tail><Active / Camp>[Turn this card sideways]: This ability can only be activated during your turn. Choose 1 "Kirin" from your deck, reveal it and add it to your hand. Then, shuffle your deck.	Missing a line break
6	Uncommon	30	Hunter	ダオラ=ディグリベグ	Daora's Tughril Beg	1300	6★	Great Sword	Great Sword	Gem (Purple)	-	-	-	凛・極シリーズ	-	-	<部位破壊/尻尾>{{{LINEBREAK}}}<オート/狩場>: あなたのサブデッキ置場にあるイベント１枚につき、このカードのパワー +200。	碧 風羽	Borealis Z Armor	-	-	<Part Break / Tail><Auto / Hunting Ground>: For each Event in your sub deck, this card receives +200 Power.	
6	Uncommon	31	Hunter	天下無双刀	Supremacy Blade	300	2★	Long Sword	-	-	-	-	-	夜叉シリーズ	-	-	<オート/狩場>: あなたがアクティヴ能力を使用した時、ターンの終了時まで、このカードのパワー +200。この能力は１ターンに１回しか発動しない。	AMON	Yaksha Armor	-	-	<Auto / Hunting Ground>: When you activate an ability, until the end of the turn, this card receives +200 Power. This effect can only activate once per turn.	Changing the translation of 能力 to "effect" so that it isn't confused with active abilities
6	Common	32	Hunter	インペリアルソード	Imperial Sword	600	4★	Long Sword	Long Sword	Scale (Yellow)	-	-	-	シルバーソルシリーズ	-	-	<オート/キャンプ>: このカードが手札か準備ゾーンからキャンプに出た時、あなたの山札から★４以下の『雪山』のターゲットモンスターを１枚選んで、相手に見せてから手札に加える。その後、シャッフルする。	NINNIN	Silver Sol Armor	-	-	<Auto / Camp>: When this card enters the Camp from your hand or Preparation Zone, choose 1 4★ or below "Arctic Ridge" Target Monster from your deck, reveal it and add it to your hand. Then, shuffle your deck.	<Auto / Camp>: When this card enters the Camp from your hand or Preparation Zone, choose 1 4★ or below "Arctic Ridge" Target Monster from your deck, reveal it and add it to your hand. Then, shuffle your deck.
6	Rare	33	Hunter	夜刀【月影】	Shadow of the Moon	1200	6★	Long Sword	Long Sword	Mantle (Red)	-	-	-	金色・真シリーズ	-	-	<オート/狩場>: このカードが狩りに参加した時、あなたの手札にあるハンターを１枚選んで、捨ててよい。捨てたならば、狩りの終了時まで、このカードのパワー +700。	米川 東	Divine Ire Armor	-	-	<Auto / Hunting Ground>: When this card participates in a hunt, choose 1 hunter in your hand, discard it. If you do, until the end of the hunt, this card receives +700 Power.	
6	Common	34	Hunter	バーンエッジ	Djinn	300	2★	Sword and Shield	-	-	-	-	-	リオハートシリーズ	-	-	<オート/狩場>: 準備ゾーンか狩場にあなたの『雪山』のターゲットモンスターかあなたの『凍土』のターゲットモンスターがある場合、このカードのパワー +200。	funbolt	Rath Heart Armor	-	-	<Auto / Hunting Ground>: If you control an "Arctic Ridge" or "Tundra" Target Monster in your Preparation Zone or Hunting Ground, this card receives +200 Power.	
6	Uncommon	35	Hunter	アジダル・ハーカス剛	Almighty Dahaka (P)	700	4★	Sword and Shield	Sword and Shield	Scale (Yellow)	-	-	-	ペッコGシリーズ	-	-	<オート/キャンプ>: このカードが手札か準備ゾーンからキャンプに出た時、あなたの山札から「ギッギ」を１枚選んで、表向きで素材置場に置く。その後、シャッフルする。	添田 一平	Qurupeco G Armor	-	-	<Auto / Camp>: When this card enters Camp from you hand or Preparation Zone, choose 1 "Giggi" from your deck, place it in your material storage face up. Then, shuffle your deck.	
6	Uncommon	36	Hunter	ミストラル=ダオラ	Daora's Maelstorm	1300	6★	Sword and Shield	Sword and Shield	Gem (Purple) + 1	-	-	-	ザザミZシリーズ	-	-	<アクティヴ/狩場>[手札②]: このカードを１つ前に移動する。この能力は１ターンに１回しか使用できない。	碧 風羽	Hermitaur Z Armor	-	-	<Active / Hunting Ground>[Hand ②]: Move this card one position forward. This ability can only be used once per turn.	Need to double check this one for consistency of term usage
6	Common	37	Hunter	ブロスブロス	Dual Diablo	300	2★	Dual Blades	-	-	-	-	-	ギザミシリーズ	-	-	<アクティヴ/キャンプ>[このカードを捨てる＋Scale (Yellow)＋手札①]:あなたの山札から「ブロスブロス改」を１枚選んで、横向きでキャンプに出す。その後、シャッフルする。	米谷 尚展	Ceanataur Armor	-	-	<Active / Camp>[Discard this card + Shell (Yellow) + Hand①]: Choose one "Dual Diablo+" from your deck, place it in your Camp sideways. Then, shuffle your deck.	
6	Uncommon	38	Hunter	ブロスブロス改	Dual Diablo+	700	4★	Dual Blades	Dual Blades	Scale (Yellow)	-	-	-	ガノスSシリーズ	-	-	<アクティヴ/キャンプ>[このカードを捨てる＋Shell (Red)＋手札①]:あなたの山札から「グランドブロス」を１枚選んで、横向きでキャンプに出す。その後、シャッフルする。	米谷 尚展	Plesioth S Armor	-	-	<Active / Camp>[Discard this card + Shell (Red) + Hand①]: Choose one "Grand Blos" from your deck, place it in your Camp sideways. Then, shuffle your deck.	
6	Rare	39	Hunter	グランドブロス	Grand Blos	1700	6★	Dual Blades	Dual Blades	Shell (Red)	-	-	-	クシャナXシリーズ	-	-	<オート/キャンプ>: このカードが手札か準備ゾーンからキャンプに出た時、あなたの手札を１枚選んで、山札の下に戻す。	米谷 尚展	Kushala X Armor	-	-	<Auto / Camp>: When this card enters the Camp from your hand or Preparation Zone, choose 1 card from your hand, return it to the bottom of your deck.	<Auto / Camp>: When this card enters your Camp from your hand or Preparation Zone, choose 1 4★ or below "Arctic Ridge" Target Monster from your deck, reveal it and add it to your hand. Then, shuffle your deck.
6	Common	40	Hunter	ドラゴンブレイカー	Dragonbreaker	200	2★	Hammer	-	-	-	-	-	レイアシリーズ	-	-	<オート/狩場>: キャンプか狩場にあなたの『弓』がある場合、このカードのパワー +300。	koji	Rathian Armor	-	-	<Auto / Hunting Ground>: If you control a "Bow" Hunter in your Camp or the Hunting Ground, this card receives +300 Power.	
6	Rare	41	Hunter	雷震槌ボルテクス剛	Vortiginous Hammer (P)	700	4★	Hammer	Hammer	Shell (Yellow) + 1	-	-	-	ラギアGシリーズ	-	-	<部位破壊/角>{{{LINEBREAK}}}<オート/狩場>: このカードが討伐した時、あなたの手札が１枚もないならば、カードを１枚引く。	百瀬 寿	Lagiacrus G Armor	-	-	<Part Break / Horn>{{{LINEBREAK}}}<Auto / Hunting Ground>: When this card slays a Target Monster, if your have no cards in your hand, draw 1 card.	
6	Uncommon	42	Hunter	スイ【凶】	Crow Torrent	1300	5★	Hammer	Hammer	Shell (Red) + 1	-	-	-	クックZシリーズ	-	-	<部位破壊/角>{{{LINEBREAK}}}<オート/狩場>: 相手のターンの間、このカードのパワー +800。	添田 一平	Kut-Ku Z Armor	-	-	<Part Break / Horn>{{{LINEBREAK}}}<Auto / Hunting Ground>: During your opponent's turn, this card receives +800 Power.	
6	Common	43	Hunter	グレートバグパイプ	Great Bagpipe	400	2★	Hunting Horn	-	-	-	-	-	レウスシリーズ	-	-	-	Daisuke Izuka	Rathalos Armor	-	-	-	
6	Uncommon	44	Hunter	ヘビィバグパイプ	Heavy Bagpipe	500	3★	Hunting Horn	Hunting Horn	Shell (Yellow)	-	-	-	ボーンSシリーズ	-	-	<アクティヴ/キャンプ>[このカードを横向きにする]: あなたの捨場に「グレートバグパイプ」がある場合、狩場にあるハンターを１枚選んで、狩りの終了時まで、パワー +500。	Daisuke Izuka	Bone S Armor	-	-	<Active / Camp>[Turn this card sideways]: If your discard pile contains a "Great Bagpipe", choose 1 Hunter in the Hunting Ground, until the end of the hunt it receives +500 Power.	
6	Rare	45	Hunter	マスターバグパイプ	Master Bagpipe	1300	5★	Hunting Horn	Hunting Horn	Shell (Red)	-	-	-	レックスXシリーズ	-	-	<アクティヴ/キャンプ>[このカードを横向きにする]: あなたの捨場に「グレートバグパイプ」と「ヘビィバグパイプ」がある場合、狩場にあるハンターを１枚選んで、狩りの終了時まで、パワー +1000。	Daisuke Izuka	Tigrex X Armor	-	-	<Event>: Choose 1 card from your discard pile, return it to your deck and shuffle it.	
6	Common	46	Hunter	角槍ディアブロス	Diablo Spear	200	2★	Lance	-	-	-	-	-	暁丸シリーズ	-	-	<オート/狩場>: キャンプか狩場にあなたの「ライトボウガン」がある場合、このカードのパワー +300。	三好 載克	Auroros Armor	-	-	<Auto / Hunting Ground>: If you control a "Light Bowgun" Hunter in your Camp or the Hunting Ground, this card receives +300 Power.	
6	Uncommon	47	Hunter	雷震槍ドーリス剛	Doris Fellspear (G)	800	4★	Lance	Lance	Shell (Yellow)	-	-	-	ラギアGシリーズ	-	-	-	渡邊 里恵香	Lagiacrus G Armor	-	-	-	
6	Rare	48	Hunter	テオ=エクシス	Teostra's Fire	1200	6★	Lance	Lance	Gem (Purple)	-	-	-	エンプレスXシリーズ	-	-	<オート/狩場>: 狩場に★７以下のターゲットモンスターがある場合、このカードのパワー +500。	春乃壱	Empress X Armor	-	-	<Auto / Hunting Ground>: If there is a 7★ or below Target Monster in the Hunting Ground, this card receives +500 Power.	
6	Common	49	Hunter	ティガバースト	Rex Blast	400	2★	Gunlance	-	-	-	-	-	グラビドDシリーズ	-	-	-	山﨑 奈苗	Gravios D Armor	-	-	-	
6	Uncommon	50	Hunter	轟銃槍【虎砲】	Tigrex Gunlance	700	4★	Gunlance	Gunlance	Scale (Yellow)	-	-	-	シルバーソルシリーズ	-	-	<アクティヴ/狩場>[手札③]: あなたの捨場に「ティガバースト」がある場合、狩りの終了時まで、狩場にあるターゲットモンスターのパワー -600。	山﨑 奈苗	Silver Sol Armor	-	-	<Active / Hunting Ground>[Hand ③]: If your discard pile contains a "Rex Blast", until the end if the hunt, Target Monsters in the Hunting Ground receive -600 Power.	
6	Rare	51	Hunter	轟銃槍【大虎砲】	Great Tigrex Gunlance	1000	6★	Gunlance	Gunlance	Mantle (Red)	-	-	-	ディアブロZシリーズ	-	-	<アクティヴ/狩場>[手札④]: あなたの捨場に「ティガバースト」と「轟銃槍【虎砲】」がある場合、狩りの終了時まで、狩場にあるターゲットモンスターのパワー -2000。この能力は１ターンに１回か使用できない。	山﨑 奈苗	Diablos Z Armor	-	-	<Active / Hunting Ground>[Hand ④]: If your discard pile contains a "Rex Blast" and a "Tigrex Gunlance", until the end of the hunt, Target Monsters in the Hunting Ground receive -2000 Power. This ability can only be used once per turn.	
6	Uncommon	52	Hunter	ハートヴァルキリー	Valkyrie Heart	300	2★	Light Bowgun	-	-	-	-	-	ディアブロDシリーズ	-	-	<オート/キャンプ>：ターンの開始時、あなたの手札を５枚まで選んで、準備ゾーンに表向きか裏向きで出す。ただし、イベントを表向きで出すことはできず、あなたの準備ゾーンにあるカードが５枚を超えるように出すこともできない。	甲壱	Diablos D Armor	-	-	<Auto / Camp>: At the start of the turn, choose up to 5 cards in your hand, place them into the Preparation Zone face up or face down. However, Events cannot be placed face up, and you cannot place more than 5 cards in your Preparation Zone.	
6	Common	53	Hunter	シルバースパルタカス	Silver Spartacus	600	4★	Light Bowgun	Light Bowgun	Scale (Yellow)	-	-	-	ゴールドルナシリーズ	-	-	<部位破壊/翼>{{{LINEBREAK}}}<オート/狩場>: 準備ゾーンか狩場にあなたの『雪山』のターゲットモンスターかあなたの『凍土』のターゲットモンスターがある場合、このカードのパワー +300。	ctype	Golden Lune Armor	-	-	<Part Break / Wing>{{{LINEBREAK}}}<Auto / Hunting Ground>: If you control an Arctic Ridge or Tundra Target Monster in your Preparation Zone or the Hunting Ground. This card receives +300 Power.	
6	Rare	54	Hunter	桜花の連弩	Sakura Semi-Auto	1400	5★	Light Bowgun	Light Bowgun	Mantle (Red)	-	-	-	レックスXシリーズ	-	-	<部位破壊/翼>	koji	Tigrex X Armor	-	-	<Part Break / Wing>	
6	Uncommon	55	Hunter	ナナ=アズールカノン	Lunastra's Cannon	300	2★	Heavy Bowgun	-	-	-	-	-	マカルパシリーズ	-	-	<アクティヴ/キャンプ>[このカードを横向きにする＋素材①＋手札①]: あなたの山札から★4以下の『ヘビィボウガン』を１枚まで選んで、相手に見せてから手札に加える。その後、シャッフルする。	Noran Gom	Makluva Armor	-	-	<Acitve / Camp>[Turn this card sideways + Material① + Hand①]: Choose 1 4★ or below "Heavy Bowgun" Hunter from your deck, reveal it and add it to your hand. Then, shuffle your deck.	
6	Common	56	Hunter	ヒドゥンスナイパー	Hidden Gambit	700	4★	Heavy Bowgun	Heavy Bowgun	Scale (Yellow)	-	-	-	トヨタマ覇シリーズ	-	-	<部位破壊/翼>	Kuratch!	Cham S Armor	-	-	<Part Break / Wing>	
6	Rare	57	Hunter	ガオレンオーブ	Gaoren Orb	1300	6★	Heavy Bowgun	Heavy Bowgun	Mantle (Red)	-	-	-	ナルガXシリーズ	-	-	<部位破壊/翼>: カードを１枚引く。	KEI	Narga X Armor	-	-	<Part Break / Wing>: Draw 1 card.	
6	Uncommon	58	Hunter	ニクスファーボウIV	Blango Fur Bow IV	400	2★	Bow	-	-	-	-	-	レウスシリーズ	-	-	-	N.A	Rathalos Armor	-	-	-	
6	Common	59	Hunter	グラキファーボウI	Abominable Bow I	600	3★	Bow	Bow	Scale (Yellow)	-	-	-	コンガSシリーズ	-	-	<部位破壊/翼>{{{LINEBREAK}}}<オート/狩場>: あなたの捨場に「ニクスファーボウIV」がある場合、このカードのパワー +200。	N.A	Conga S Armor	-	-	<Part Break / Wing>{{{LINEBREAK}}}<Auto / Hunting Ground>: If your discard pile contains "Blango Fur Bow IV", this card receives +200 Power.	
6	Rare	60	Hunter	グラキファーボウII	Abominable Bow II	1200	5★	Bow	Bow	Mantle (Red)	-	-	-	ガルルガZシリーズ	-	-	<部位破壊/翼>{{{LINEBREAK}}}<オート/狩場>: あなたの捨場に「ニクスファーボウIV」と「グラキファーボウI」がある場合、このカードのパワー +600。	N.A	Garuga X Armor	-	-	<Part Break / Wing>{{{LINEBREAK}}}<Auto / Hunting Ground>: If your discard pile contains "Blango Fur Bow IV" and "Abominable Bow I", this card receives +600 Power.	
6	Ultra Rare	61	Event	気刃斬り		-	-	-	-	X	-	-	-	-	-	-	【固有技】<オープン>[素材③]: あなたの手札が８枚以上ある場合、狩場にあるあなたの★3以上の『太刀』を１枚選んで、狩りの終了時まで、パワー +1200。	安達 洋介	-	-	-	【Signature Ability】<Open>[Material ③]: If your hand contains 8 or more cards, choose 1 "Long Sword' Hunter you control from the Hunting Ground, until the end of the hunt, it recives +1200 Power.	
6	Uncommon	62	Event	尻尾切断	Tail Cut	-	-	-	-	X	-	-	-	-	-	-	<オープン>: ターンの終了時まで、あなたのハンターが尻尾を部位破壊した時、このカードをサブデッキ置場に表向きで置いてよい。置いたならば、カードを2枚引く。	NAKAGAWA	-	-	-	<Open>: Until the end of the turn, when a Hunter you control succesfully completes a Tail Part Break, place this card on your sub deck face up. If you do, draw 2 cards.	
6	Uncommon	63	Event	トゲ弾	Spike Bomb	-	-	-	-	X	-	-	-	-	-	-	【固有技】<オープン>: キャンプか狩場にあなたの★3以上の「ナルガクルガ※」がある場合、あなたの捨場にイベントが5枚以上あるならば、相手の準備ゾーンにある表向きのカードをすべて、捨てる。	NAKAGAWA	-	-	-	【Signature Ability】<Open>: If you control a 3★ or above "※Nargacuga" in your Camp or the Hunting Groud, and if your discard pile contains 5 or more Event cards, your opponent discards all face up cards in their Preparation Zone.	
6	Uncommon	64	Event	角破壊	Horn Break	-	-	-	-	X	-	-	-	-	-	-	<オープン>: ターンの終了時まで、あなたのハンターが角を部位破壊した時、あなたの山札の1番上のカードを裏向きで素材置場に置く。	木下 勇樹	-	-	-	<Open>: Until the end of the turn, when a Hunter you control succesfully completes a Horn Part Break, place the top card of your deck on your Material Storage face down.	
6	Common	65	Event	翼損傷	Wing Damage	-	-	-	-	X	-	-	-	-	-	-	<オープン>: ターンの終了時まで、あなたのハンターが翼を部位破壊した時、このカードをサブデッキ置場に表向きで置く。{{{LINEBREAK}}}<オート>: このカードがサブデッキ置場にある場合、あなたのGP +200。	ナブランジャ	-	-	-	<Open>: Until the end of the turn, when a Hunter you control succesfully completes a Wing Part Break, place this card on your sub deck face up.{{{LINEBREAK}}}<Auto>: While this card is in your sub deck, gain 200 GP.	
6	Ultra Rare	66	Event	放電	Discharge	-	-	-	-	X	-	-	-	-	-	-	【固有技】<オープン>: キャンプか狩場にあなたの★3以上の「ラギアクルス※」がある場合、あなたの捨場に「ラギアクルス※」が2枚以上あるならば、狩場にあるギルドモンスターかハンターを１枚選んで、狩りの終了時まで、パワー -1000。	松島 一夫	-	-	-	【Signature Ability】<Open>: If you control a 3★ or above "※Lagiacrus" in your Camp or the Hunting Ground, and your discard pile contains 2 or more "※Lagiacrus", choose 1 Guild Monster or Hunter in the Hunting Ground, it receives -1000 Power until the end of the hunt.	
6	Common	67	Event	水ブレス	Water Breath	-	-	-	-	X	-	-	-	-	-	-	【固有技】<オープン>: キャンプか狩場にあなたの★3以上の「ガノトトス※」がある場合、密林か砂漠で狩りをしているならば、相手の準備ゾーンにある★4以下の表向きのカードを2枚まで選んで、捨てる。	木下 勇樹	-	-	-	【Signature Ability】<Open>: If you control a 3★ or above "※Plesioth" in your Camp or Hunting Ground, and you are hunting in the Jungle or Desert, choose 2 face up 4★ or below cards in your opponent's Preparation Zone, discard them.	
6	Common	68	Event	竜撃砲	Wyvern's Fire	-	-	-	-	X	-	-	-	-	-	-	【固有技】<オープン>: キャンプか狩場にあなたの★３以上の『ガンランス』がある場合、あなたの手札を6枚選んで、捨てる。6枚捨てたならば、狩りの終了時まで、狩場にあるターゲットモンスターのパワー -2000。	funbolt	-	-	-	【Signature Ability】<Open>: If you control a 3★ or above "Gunlance" Hunter in your Camp or the Hunting Ground, choose 6 cards from your hand, discard them. If you do, until the end of the hunt, Target Monsters in the Hunting Ground receive -2000 Power.	
6	Uncommon	69	Quest	たまには釣りでもいかが?	Gone Fishin'	-	-	-	-	-	-	-	100	-	-	-	条件: あなたのターンの終了時、このターンの間、クエストを表向きにしていないならば、あなたの素材置場にあるカードを4枚選んで、捨ててよい。4枚捨てたならば、このカードを表向きにする。	N.A	-	-	-	Condition: Until the end of your turn, during this turn, if there are no face up Quest cards, choose 4 cards from your material storage, discard them. If you do, flip this card face up.	Condition: Within one of your turns, if there are no face up quest Cards in play, choose 4 cards from your material storage, discard them. If you so, flip this card face up.
6	Common	70	Quest	桜舞う密林	Pink Dance in the Jungle	-	-	-	-	-	-	-	400	-	-	-	条件: ★6以上の「リオレイア亜種」討伐	Toronn	-	-	-	Condition: Slay a 6★ or above "Pink Rathian"	
6	Common	71	Quest	鎧竜グラビモスの脅威	Terror of the Gravios	-	-	-	-	-	-	-	600	-	-	-	条件: ★7以上の「グラビモス」討伐	古賀 マサヲ	-	-	-	Condition: Slay a 7★ or above "Gravios"	
6	Uncommon	72	Quest	吹雪に立つ金獅子	The Rajang in the Snow	-	-	-	-	-	-	-	800	-	-	-	条件: ★7以上の「ラージャン」討伐	山宗	-	-	-	Condition: Slay a 7★ or above "Rajang"	
6	Uncommon	73	Quest	ベリオロスの狩猟		-	-	-	-	-	-	-	1200	-	-	-	条件: ★8以上の「ベリオロス」討伐	山崎 太郎	-	-	-	Condition: Slay a 8★ or above "Barioth"	
6	Rare	74	Palico	照らし出すっチャ		-	-	-	-	5	-	-	-	-	-	-	<オトモ>: この能力は相手のターンにしか使用できない。相手の準備ゾーンにあるカードを3枚まで選んで、表向きにする。	ナブランジャ	-	-	-	<Buddy>: This ability can only be used during your opponent's turn. Choose up to 3 cards in your opponent's Preparation Zone, flip them face up.	
6	Common	75	Palico	避難するのニャ		-	-	-	-	2	-	-	-	-	-	-	<オトモ>: この能力は相手のターンにしか使用できない。狩場にあるすべてのギルドモンスターとすべてのハンターを縦向きでキャンプに置く。	渡邊 里恵香	-	-	-	<Buddy>: This ability can only be used during your opponent's turn. All Guild Monsters and Hunters in the Hunting Ground are returned to their owner's Camp facing forward.	
6	Common	76	Palico	風圧無効なのニャ	Negate Wind	-	-	-	-	1	-	-	-	-	-	-	<オトモ>: 狩りの終了時まで、狩場にあるすべてのカードはカードの能力で移動しない。	十葉 一駒	-	-	-	<Buddy>: Until the end of the hunt, cards in the Hunting Ground cannot be moved with card abilities.	
6	Uncommon	77	Palico	平和がいちばんニャ		-	-	-	-	1	-	-	-	-	-	-	<オトモ>: カードを1枚引く。{{{LINEBREAK}}}<アクティヴ>[あなたのキャンプにあるハンターを１枚選んで、横向きにする＋素材①]: カードを1枚引く。	山崎 太郎	-	-	-	<Buddy>: Draw 1 card.{{{LINEBREAK}}}<Active>[Choose 1 Hunter in your Camp, turn it sideways + Material ①]: Draw 1 card.	
7	Rare	1	Guild Monster	キリン※	※Kirin	300	2★	-	-	-	-	-	-	-	キリンシリーズ x1	-	<古龍出現>: 狩場に★3以下のターゲットモンスターがある場合、このカードはオープンできない。{{{LINEBREAK}}}【固有技】<アクティヴ/準備ゾーン>[このカードを山札の下に戻す]: あなたの手札1枚につき、狩りの終了時まで、狩場にある[キリン※」のパワー +200。	三好 載克	-	Kirin Armor x1	-	<Elder Dragon Arrival>: If the Hunting Ground contains a 3★ or below Target Monster, this card cannot be Opened.{{{LINEBREAK}}}【Signature Ability】<Active / Preparation Zone>[Return this card to the bottom of your deck]: For each card in your hand, until the end of the hunt, any "※Kirin" in the Hunting Ground receive +200 power.	
7	Rare	2	Guild Monster	ベリオロス※	※Barioth	1100	2★	-	-	-	-	-	-	-	ベリオシリーズ x1	-	<オート/狩場>: あなたの手札が4枚以下しかない場合、このカードのパワー -600。	山宗	-	Barioth Armor x1	-	<Auto / Hunting Ground>: If your hand contains 4 cards or less, this card receives -600 Power.	
7	Uncommon	3	Guild Monster	クルペッコ※	※Qurupeco	1300	3★	-	-	-	-	-	-	-	ペッコGシリーズ x1	-	<オート/キャンプ>: このカードが手札か準備ゾーンからキャンプに出た時、あなたのキャンプにあるハンターを１枚選んで、縦向きにする。	shukei	-	Qurupeco G Armor x1	-	<Auto / Camp>: When this card enters the Camp from your hand or Preparation Zone, choose 1 Hunter from your Camp, face it forward.	<Auto / Camp>: When this card enters your Camp from your hand or Preparation Zone, choose 1 Hunter from your Camp, face it forward.
7	Common	4	Guild Monster	ゲリョス※	※Gypceros	1200	4★	-	-	-	-	-	-	-	ゲリョスSシリーズ x1	-	<オープン>: このカードはあなたのターンにしかオプーンできない。あなたのキャンプに横向きの「ゲリョス※」がある場合、このカードを縦向きで狩場の先頭に出して、狩りに参加させ、狩りの終了時までパワー +300。	村上 ヒサシ	-	Gypceros S Armor x1	-	<Open>: This card can only be opened during your turn. If you control a sideways "※Gypceros" in your Camp, this card participates in the hunt at the Lead Hunter position facing forward, receiving +300 Power until the end of the hunt.	
7	Uncommon	5	Guild Monster	ショウグンギザミ※	※Shogun Ceanataur	1200	4★	-	-	-	-	-	-	-	ギザミSシリーズ x1	-	<アクティヴ/狩場>[素材②]: この狩りが2頭討伐の場合、狩場にあるカードタイトルに「【R】」と書かれた★4以下のターゲットモンスターを横向きにする。	前河 悠一	-	Ceanataur S Armor x1	-	<Active / Hunting Ground>[Material ②]: If this hunt is a Double Hunt, Target Monsters in the Hunting Ground with "[R]" in their title are turned sideways.	
7	Rare	6	Guild Monster	テオ・テスカトル※	※Teostra	1500	4★	-	-	-	-	-	-	-	カイザーSシリーズ x1	-	<古龍出現>{{{LINEBREAK}}}【固有技】<アクティヴ/準備ゾーン>[このカードを山札の下に戻す]: 狩場にあなたの★3以上の「テオ・テスカトリ※」がある場合、相手は自分の手札をすべて好きな順番で山札の下に戻す。その後、山札に戻した枚数と同じ枚数、相手はカードを引く。	二見 敬之	-	Kaiser S Armor x1	-	<Elder Dragon Arrival>{{{LINEBREAK}}}【Signature Ability】<Active / Preparation Zone>[Return this card to the bottom of your deck]: If you control a 3★ or above "※Teostra" in the Hunting Ground, your opponent returns their entire hand to the bottom of their deck in any order. Then, they draw a card for each card returned.	
7	Ultra Rare	7	Guild Monster	リオレイア希少種※	※Gold Rathian	1300	4★	-	-	-	-	-	-	-	ゴールドルナシリーズ x1	-	<オート/キャンプ>: 相手の手札の上限は3枚少なくなる。	甲壱	-	Gold Lune Armor x1	-	<Auto / Camp>: Reduce your opponent's hand limit by 3.	
7	Ultra Rare	8	Guild Monster	オオナズチ※	※Chameleos	1900	6★	-	-	-	-	-	-	-	ミズハ真/トヨタマ真シリーズ x1	-	<古龍出現>{{{LINEBREAK}}}【固有技】<アクティヴ/準備ゾーン>[このカードを山札の下に戻す]: 狩場にあなたの★3以上の「オオナズチ※」がある場合、相手の素材置場にあるすべてのカードを捨てる。	NAKAGAWA	-	Grand Mizuha/Grand Cham Armor x1	-	<Elder Dragon Arrival>{{{LINEBREAK}}}【Signature Ability】<Active / Preparation Zone>[Return this card to the bottom of your deck]: If you control a 3★ or above "※Chameleos" in the Hunting Ground, discard all cards in your opponent's Material Storage.	
7	Rare	9	Guild Monster	ナナ・テスカトリ※	※Lunastra	2000	6★	-	-	-	-	-	-	-	エンプレスXシリーズ x1	-	<古龍出現>{{{LINEBREAK}}}【固有技】<アクティヴ/準備ゾーン>[このカードを山札の下に戻す]: 狩場にあなたの★5以上の「ナナ・テスカトリ※」がある場合、相手のキャンプにあるハンターを1枚まで選んで、横向きにする。	Kou Takano	-	Empress X Armor x1	-	<Elder Dragon Arrival>{{{LINEBREAK}}}【Signature Ability】<Active / Preparation Zone>[Return this card to the bottom of your deck]: If you control a 5★ or above "※Lunastra" in the Hunting Ground, choose up to 1 Hunter in your opponent's Camp, turn it sideways.	
7	Rare	10	Guild Monster	ヤマツカミ※	※Yama Tsukami	2300	6★	-	-	-	-	-	-	-	夜叉・真/修羅・真シリーズ x1	-	<古龍出現>{{{LINEBREAK}}}【固有技】<アクティヴ/準備ゾーン>[このカードを山札の下に戻す]: 狩場にあなたの★3以上の「ヤマツカミ※」がある場合、狩場にあるカードを1枚選んで、狩りの終了時まで、パワー -700。	古賀 マサヲ	-	Grand Yaksha/Grand Carnage Armor x1	-	<Elder Dragon Arrival>{{{LINEBREAK}}}【Signature Ability】<Active / Preparation Zone>[Return this card to the bottom of your deck]: If you control a 3★ or above "※Yama Tsukami" in the Hunting Ground, choose 1 card in the Hunting Ground, until the end of the hunt, it receives -700 Power.	
7	Common	11	Target Monster	アプケロス	Apceros	0	1★	-	-	-	0	Meat	-	-	-	砂漠	<アクティヴ/準備ゾーン>[このカードを捨てる]: 狩りの終了時まで、狩場にあるターゲットモンスターのパワー +300。	米川 東	-	-	Desert	<Active / Preparation Zone>[Discard this card]: Until the end of the hunt, Target Monsters in the Hunting Ground receive +300 Power.	
7	Common	12	Target Monster	大雷光虫	Great Thunderbug	0	★	-	-	-	0	Bug (Yellow)	-	-	-	塔	<オープン>: 相手の準備ゾーンにあるテキストに「アクティヴ」と書かれたターゲットモンスターを2枚まで選んで、裏向きにする。	Kuratch!	-	-	Tower	<Open>: Choose up to 2 Target Monsters in your opponent's Preparation Zone with "Active" in their text, flip them face down.	
7	Common	13	Target Monster	ドスゲネポス	Gendrome	300	2★	-	-	-	0	Scale (Yellow)	-	-	-	砂漠	<オート/手札>: ターンの開始時、このカードを相手に見せてから、準備ゾーンに裏向きで出してよい。ただし、あなたの準備ゾーンにあるカードが5枚を超えるように出すことはできない。{{{LINEBREAK}}}<オープン>: 狩りの終了時まで、狩場にある★5以上のターゲットモンスターのパワー +400。	古賀 マサヲ	-	-	Desert	<Auto / Hand>: At the start of the turn, reveal this card to your opponent, and place it in your Preparation Zone face down. However, you cannot place more than 5 cards in your Preparation Zone.{{{LINEBREAK}}}<Open>: Until the end of the hunt, 5★ or above Target Monsters in the Hunting Ground receive +400 Power.	
7	Rare	14	Target Monster	ドスファンゴ	Bulldrome	200	2★	-	-	-	0	Meat	-	-	-	雪山	<オープン>: 狩りの終了時まで、狩場にあるハンターの中で先頭のハンターのパワー -200。	木下 勇樹	-	-	Arctic Ridge	<Open>: Until the end of the hunt, the Lead Hunter receives -200 Power.	
7	Uncommon	15	Target Monster	イャンクック	Yian Kut-Ku	300	4★	-	-	-	0	Scale (Yellow)	-	-	-	森丘	<オープン>: キャンプか狩場にある相手のハンターの中で同じカードタイトルのハンターが2枚以上ある場合、狩場にあるハンターを1枚選んで、横向きにする。	中北 晃二	-	-	Verdant Hills	<Open>: If your opponent controlls 2 or more Hunters in their Camp and Hunting Ground with the same title, choose 1 Hunter in the Hunting Ground, turn it sideways.	
7	Common	16	Target Monster	ガノトトス亜種	Green Plesioth	400	4★	-	-	-	1	Scale (Yellow)	-	-	-	砂漠	<オープン>: 相手の準備ゾーンに表向きのカードが3枚以上ある場合、相手の準備ゾーンにあるカードを2枚まで選んで、裏向きにする。	ナブランジャ	-	-	Desert	<Open>: If your opponent controls 3 or more cards in the Preparation Zone, choose up to 2 cards inf your opponent's Preparation Zone, flip them face down.	
7	Uncommon	17	Target Monster	ティガレックス	Tigrex	700	4★	-	-	-	1	Scale (Yellow)	-	-	-	雪山	<オープン>: このカードは相手のターンにしかオプーンできない。相手の手札が2枚以下しかない場合、相手の準備ゾーンにある裏向きのカードを1枚選んで、公開し、手札に戻す。	緑川 美帆	-	-	Arctic Ridge	<Open>: This card can only be opened on your opponent's turn. If your opponent's hand contains 2 cards or less, choose 1 face down card in your opponent's Preparation Zone, reveal it, and return it to their hand.	
7	Uncommon	18	Target Monster	ドドブランゴ【L】	Blangonga [L]	700	4★	-	-	-	0	Shell (Yellow)	-	-	-	雪山	<2頭討伐(ドドブランゴ【R】)>: 狩場に縦向きの「ドドブランゴ【R】」がある場合、2枚合わせてパワー2800ノ1枚のカードとして扱う。{{{LINEBREAK}}}<オープン>: 相手の準備ゾーンにあるカードを１枚選んで、裏向きにする。	Toronn	-	-	Arctic Ridge	<Double Hunt (Blangonga [R])>: If there is a forward facing "Blangonga [R]" in the Hunting Ground, these two cards are treated as one with 2800 Power.{{{LINEBREAK}}}<Open>: Choose 1 card in your opponent's Preparation Zone, flip it face down.	
7	Uncommon	19	Target Monster	ドドブランゴ【R】	Blangonga [R]	700	4★	-	-	-	0	Shell (Yellow)	-	-	-	雪山	<2頭討伐（ドドブランゴ【L】)>{{{LINEBREAK}}}<オープン>: 狩りの終了時まで、狩場にある★3以上のギルドモンスターのパワー -500。その後、あなたの準備ゾーンに「ドドブランゴ【L】」がある場合、狩場にある★3以上のハンターを1枚選んで、狩りの終了時まで、パワー -500。	Toronn	-	-	Arctic Ridge	<Double Hunt (Blangonga [L])>{{{LINEBREAK}}}<Open>: Until the end of the hunt, 3★ or above Guild Monsters in the Hunting Ground receive -500 Power. Then, if you control a "Blangonga [L]" in your Preparation Zone, choose 1 3★ or above Hunter from the Hunting Ground, until the end of the hunt, it receives -500 Power.	
7	Common	20	Target Monster	ナルガクルガ	Nargacuga	800	4★	-	-	-	1	Scale (Yellow)	-	-	-	樹海	<部位破壊/翼>: ターンの終了時まで、このカードを部位破壊したカードのパワー +300。{{{LINEBREAK}}}<オープン>:　狩りの終了時まで、狩場にある★7以上のターゲットモンスターのパワー +800。	甲壱	-	-	Great Forest	<Part Break / Wing>: Until the end of the turn, the card that successfully completed the part break on this card receives +300 Power.{{{LINEBREAK}}}<Open>: Until the end of the hunt, 7★ or above Target Monsters in the Hunting Ground receive +800 Power.	
7	Common	21	Target Monster	フルフル	Khezu	400	4★	-	-	-	0	Shell (Yellow)	-	-	-	雪山	<アクティヴ/準備ゾーン>[このカードを捨てる]: 狩場にある★3以上のハンターを1枚選んで、狩りの終了時まで、パワー -400。	NAKAGAWA	-	-	Arctic Ridge	<Active / Preparation Zone>[Discard this card]: Choose 1 3★ or above Hunter in the Hunting Ground, until the end of the hunt, it receives -400 Power.	
7	Common	22	Target Monster	モノブロス	Monoblos	400	4★	-	-	-	1	Shell (Yellow)	-	-	-	砂漠	<オープン>: 相手の準備ゾーンにある★4のターゲットモンスターを1枚選んで、捨てる。	米谷 尚展	-	-	Desert	<Open>: Choose 1 4★ Target Monster in your opponent's Preparation Zone, discard it.	
7	Uncommon	23	Target Monster	ロアルドロス	Royal Ludroth	700	4★	-	-	-	2	Scale (Yellow)	-	-	-	孤島	<オート/捨場>: このカードが相手のカードの能力で準備ゾーンから捨てられた時、キャンプか狩場にあるハンターを１枚選んで、横向きにする。	山崎 太郎	-	-	Deserted Island	<Auto / Discard Pile>: When this card is discarded from your Preparation Zone by your opponent's card Ability, choose 1 Hunter from the Camp or Hunting Ground, turn it sideways.	<Auto / Discard Pile>: When this card is discarded from your Preparation Zone by your opponent's card Ability, choose 1 Hunter from your Camp or Hunting Ground, turn it sideways.
7	Uncommon	24	Target Monster	オオナズチ	Chameleos	1700	6★	-	-	-	0	Gem (Purple)	-	-	-	森丘	<オープン>: このカードは相手のターンにしかオプーンできない。相手の手札が5枚以上ある場合、相手は自分の手札を2枚選んで、捨てる。	前河 悠一	-	-	Verdant Hills	<Open>: This card can only be opened on your opponent's turn. If your opponent's Hand contains 5 cards or more, your opponents chooses 2 cards from their hand and discards them.	
7	Common	25	Target Monster	グラビモス亜種	Black Gravios	1700	6★	-	-	-	0	Mantle (Red)	-	-	-	火山	<オープン>: 相手の準備ゾーンに裏向きのカードが4枚以上ある場合、相手の準備ゾーンにあるカードを1枚選んで、山札の下に戻す。	仙田 聡	-	-	Volcano	<Open>: If your opponent's Preparation Zone contains 4 or more face down cards, choose 1 card from your opponent's Preparation Zone, return it to the bottom of their deck.	
7	Rare	26	Target Monster	チャナガブル	Gobul	1700	6★	-	-	-	0	Shell (Red)	-	-	-	水没林	<オープン>: 相手の準備ゾーンに裏向きのカードが4枚以上ある場合、狩場にあるギルドモンスターかハンターを１枚選んで、縦向きでキャンプに置く。	米谷 尚展	-	-	Flooded Forest	<Open>: If your opponent's Preparation Zone contains 4 or more face down cards, choose 1 card from your opponent's Preparation Zone, return it to the bottom of their deck.	
7	Uncommon	27	Target Monster	クシャルダオラ	Kushala Daora	3300	7★	-	-	-	1	Gem (Purple)	-	-	-	雪山	<オープン>:　雪山か凍土で狩りをしている場合、キャンプにある★5以上のハンターを１枚選んで、横向きにする。	伊藤 サトシ	-	-	Arctic Ridge	<Open>: If you are hunting in the Arctic Ridge or the TUndra, choose 1 5★ or above Hunter from your Camp, turn it sideways.	
7	Ultra Rare	28	Target Monster	アグナコトル	Agnaktor	4700	8★	-	-	-	2	Shell (Red)	-	-	-	火山	<オープン>: このカードは相手のターンにしかオープンできない。相手の準備ゾーンにあるテキストに「アクティヴ」と書かれたターゲットモンスターを1枚選んで、捨てる。	村山 竜大	-	-	Volcano	<Open>: This card can only be opened on your opponent's turn. Choose 1 Target Monster with "Active" in its card text from your opponent's Preparation Zone, discard it.	
7	Rare	29	Hunter	アギト	Jawblade	300	2★	Great Sword	-	-	-	-	-	ハンターシリーズ	-	-	<オート/キャンプ>: あなたのターンの開始時、あなたのキャンプにこのカード以外の『大剣』がないならば、あなたの山札の上からカードを2枚捨てる。{{{LINEBREAK}}}<オート/狩場>: キャンプか狩場にこのカード以外のあなたの『大剣』がない場合、このカードのパワー +200。	えだやん	Hunter Armor	-	-	<Auto / Camp>: At the start of your turn, if your Camp contains no other "Great Sword" Hunters, discard two cards from the top of your deck.{{{LINEBREAK}}}<Auto / Hunting Ground>: If you control no other "Great Sword" Hunters in your Camp or the Hunting Ground, this card receives +200 Power.	
7	Uncommon	30	Hunter	カタラクトブレイド	Cataclysm Blade	700	3★	Great Sword	Great Sword	Scale (Yellow) + 1	-	-	-	ペッコGシリーズ	-	-	<オート/キャンプ>:　このカードが手札か準備ゾーンからキャンプに出た時、キャンプにある★4以下のハンターを1枚選んで、横向きにする。	山﨑 奈苗	Qurupeco G Armor	-	-	<Auto / Camp>: When this card enters your Camp from your hand or Preparation Zone, choose 1 4★ or below Hunter from your camp, turn it sideways.	
7	Rare	31	Hunter	ブリュンヒルデ	Brünhild	1400	6★	Great Sword	Great Sword	Mantle (Red) + 2	-	-	-	リオソウルZシリーズ	-	-	<アクティヴ/狩場>[素材②]: あなたの手札を１枚選んで、準備ゾーンに表向きか裏向きでだす。ただし、イベントを表向き出すことはできず、あなたの準備ゾーンにあるカードが4枚を超えるように出すこともできない。この能力は1ターンに1回しか使用できない。	N.A	Rath Soul Z Armor	-	-	<Active / Hunting Ground>[Material ②]: Choose 1 card from your hand, place it in your Preparation Zone face up or face down. However, Event cards cannot be placed face up, and you cannot place more than 4 cards in your Preparation Zone. This ability can only be used once per turn.	This one is kinda weird, the usual limit for Prep Zone is 5 cards
7	Common	32	Hunter	黒刀【参ノ型】	Black Katana Mk.III	600	4★	Long Sword	Long Sword	2	-	-	-	ギザミSシリーズ	-	-	<オート/キャンプ>: このカードが手札か準備ゾーンからキャンプに出た時、あなたの山札からテキストに「2頭討伐」と書かれたターゲットモンスターを1枚まで選んで、相手に見せてから手札に加える。その後、シャッフルする。	春乃壱	Ceanataur S Armor	-	-	<Auto / Camp>: When this card enters your Camp from your hand or Preparation Zone, choose 1 card from your deck with "Double Hunt" in its card text, reveal it and add it to your hand. Then, shuffle your deck.	
7	Common	33	Hunter	ツルギ【烏】	Raven Blade	300	2★	Sword and Shield	-	-	-	-	-	ガルルガシリーズ	-	-	<アクティヴ/キャンプ>[このカードを捨てる＋甲殻(黄)＋手札①]: あなたの山札から「ツルギ【狼】」を1枚まで選んで、横向きでキャンプに出す。その後、シャッフルする。	碧 風羽	Garuga Armor	-	-	<Active / Camp>[Discard this card + Shell (Yellow) + Hand①]: Choose one "Wolf Blade" from your deck, place it in your Camp sideways. Then, shuffle your deck.	
7	Uncommon	34	Hunter	ツルギ【狼】	Wolf Blade	700	4★	Sword and Shield	Sword and Shield	Shell (Yellow)	-	-	-	ゴールドルナシリーズ	-	-	<アクティヴ/キャンプ>[このカードを捨てる＋甲殻(赤)＋手札①]: あなたの山札から「ツルギ【凶】」を1枚まで選んで、横向きでキャンプに出す。その後、シャッフルする。	碧 風羽	Golden Lune Armor	-	-	<Active / Camp>[Discard this card + Shell (Red) + Hand①]: Choose one "Crow Blade" from your deck, place it in your Camp sideways. Then, shuffle your deck.	
7	Rare	35	Hunter	ツルギ【凶】	Crow Blade	1400	5★	Sword and Shield	Sword and Shield	Shell (Red)	-	-	-	ヒプノXシリーズ	-	-	<オート/キャンプ>: このカードが山札か手札か準備ゾーンからキャンプに出た時、相手の準備ゾーンにある裏向きのカードを1枚選んで、公開し、手札に戻す。	碧 風羽	Hypno X Armor	-	-	<Auto / Camp>: When this card enters your Camp from your deck, hand, or Preparation Zone, choose 1 face down card form your opponent's Preparation Zone, reveal it, and return it to their hand.	
7	Common	36	Hunter	双焔	Flaming Pair	0	2★	Dual Blades	-	-	-	-	-	モノブロスシリーズ	-	-	<オート/狩場>: あなたの準備ゾーンにカードが3枚以上ある場合、このカードのパワー +500。	タカヤマ トシアキ	Monoblos Armor	-	-	<Auto / Hunting Ground>: If your Preparation Zone contains 3 cards or more, this card receives +500 Power.	
7	Uncommon	37	Hunter	紅蓮双刃	Crimson Lotus Blades	400	4★	Dual Blades	Dual Blades	Scale (Yellow)	-	-	-	ゲリョスSシリーズ	-	-	<オート/狩場>: あなたの準備ゾーンにカードが3枚以上ある場合、このカードのパワー +600。	タカヤマ トシアキ	Gypceros S Armor	-	-	<Auto / Hunting Ground>: If your Preparation Zone contains 3 cards or more, this card receives +600 Power.	
7	Rare	38	Hunter	蒼穹双刃	Azure Dual Swords	1000	6★	Dual Blades	Dual Blades	Shell (Red)	-	-	-	ゲリョスZシリーズ	-	-	<オート/狩場>: あなたの準備ゾーンにカードが3枚以上ある場合、このカードのパワー +800。	タカヤマ トシアキ	Gypceros Z Armor	-	-	<Auto / Hunting Ground>: If your Preparation Zone contains 3 cards or more, this card receives +800 Power.	
7	Uncommon	39	Hunter	スイ【烏】	Raven Torrent	500	2★	Hammer	-	-	-	-	-	クシャナシリーズ	-	-	<オート/キャンプ>: あなたの素材置場の上限は5枚少なくなる。	ctype	Kushala Armor	-	-	<Auto / Camp>: Reduce your Material Storage limit by 5.	Note: Typically the max is 5, this card makes it so that you effectively must discard all of your materials at the end of a turn.
7	Common	40	Hunter	フクロダタキ	Purse Bop	800	4★	Hammer	Hammer	Scale (Yellow)	-	-	-	クックUシリーズ	-	-	-	西野 幸治	Kut-Ku U Armor	-	-	-	
7	Rare	41	Hunter	毒槌【鳥兜】	Pitohui Bird Mace	1400	5★	Hammer	Hammer	Gem (Purple)	-	-	-	エンプレスXシリーズ	-	-	<オート/キャンプ>: このカードが手札か準備ゾーンからキャンプに出た時、あなたの手札を１枚選んで、捨てる。捨てたならば、あなたの山札から「ナナ・テスカトリ※」を１枚まで選んで、相手に見せてから手札に加える。その後、シャッフルする。	dhr dhr	Empress X Armor	-	-	<Auto / Camp>: When this card enters your Camp from your hand or Preparation Zone, choose 1 card from your hand, discard it. If you do, choose 1 "※ Teostra" from your deck, reveal it and add it to your hand. Then, shuffle your deck.	
7	Rare	42	Hunter	ボーンホルン改	Bone Horn+	300	2★	Hunting Horn	-	-	-	-	-	スティールシリーズ	-	-	<オート/キャンプ>：ターンの開始時、あなたの手札を５枚まで選んで、準備ゾーンに表向きか裏向きで出す。ただし、イベントを表向きで出すことはできず、あなたの準備ゾーンにあるカードが５枚を超えるように出すこともできない。	ヤス	Steel Armor	-	-	<Auto / Camp>: At the start of the turn, choose up to 5 cards in your hand, place them into the Preparation Zone face up or face down. However, Events cannot be placed face up, and you cannot place more than 5 cards in your Preparation Zone.	
7	Common	43	Hunter	ガオレンズベル	Gaoren Bell	700	4★	Hunting Horn	Hunting Horn	Scale (Yellow)	-	-	-	リオソウルUシリーズ	-	-	<オート/キャンプ>: このカードが手札か準備ゾーンからキャンプに出た時、あなたの山札から素材が『虫(黄)』のターゲットモンスターを1枚まで選んで、相手に見せてから手札に加える。その後、シャッフルする。	Daisuke Izuka	Rath Soul U Armor	-	-	<Auto / Camp> When this card enters your Camp from your hand or Preparation Zone, choose 1 Target Monster from your deck with "Bug (Yellow)" as its material reward, reveal it and add it to your hand. Then, shuffle your deck.	
7	Rare	44	Hunter	ルナーリコーダー	Lunar Recorder	1400	6★	Hunting Horn	Hunting Horn	Gem (Purple)	-	-	-	ミズハ真シリーズ	-	-	<アクティヴ/狩場>[素材①]: 狩りの終了時まで、あなたのカードはカードの能力で移動しない。	NINNIN	Grand Mizuha Armor	-	-	<Active / Hunting Ground>[Material ①]: Until the end of the hunt, your cards cannot be moved by card Abilities.	
7	Uncommon	45	Hunter	封龍槍【刹那】	Sealed Dragonlance	600	4★	Lance	Lance	Shell (Yellow) + 1	-	-	-	ゴールドルナシリーズ	-	-	<オート/狩場>: あなたの手札が相手の手札より多い場合、このカードのパワー +400。	ぽん吉	Golden Lune Armor	-	-	<Auto / Hunting Ground>: While your hand contains more cards than your opponent's hand, this card receives +400 Power.	
7	Uncommon	46	Hunter	ナナ=ロア	Luna's Roar	200	2★	Gunlance	-	-	-	-	-	キリンシリーズ	-	-	<オート/狩場>: キャンプか狩場にあなたの『弓』がある場合、このカードのパワー +300。	Hirokorin	Kirin Armor	-	-	<Auto / Hunting Ground>: If you control a "Bow" Hunter in your Camp or the Hunting Ground, this card receives +300 Power.	
7	Uncommon	47	Hunter	ブラックゴアキャノン	Black Gore Cannon	700	4★	Gunlance	Gunlance	Shell (Yellow)	-	-	-	ディアブロUシリーズ	-	-	<オープン>: キャンプか狩場にあなたの『ガンランス』がある場合、狩りの終了時まで、狩場にある★4以下のターゲットモンスターのパワー -300。	funbolt	Diablos U Armor	-	-	<Open>: If you control a "Gunlance" in your Camp or the Hunting Ground, until the end of the hunt, 4★ or below Target Monsters in the Hunting Ground receives -300 Power.	
7	Common	48	Hunter	ベナムデパルファン	Venomous Perfume	1500	6★	Gunlance	Gunlance	Gem (Purple)	-	-	-	ブランゴZシリーズ	-	-	-	hichi	Blango Z Armor	-	-	-	
7	Common	49	Hunter	ボーンアックス改 斧モード	Bone Axe+ Axe Mode	400	1★	Switch Axe	-	-	-	-	-	アロイシリーズ	-	-	-	渡邊 里恵香	Alloy Armor	-	-	-	
7	Common	50	Hunter	ボーンアックス改 剣モード	Bone Axe+ Sword Mode	400	1★	Switch Axe	-	-	-	-	-	アロイシリーズ	-	-	【変形】<オープン>[素材①]: 狩りの終了時まで、狩場にある「ボーンアックス改　斧モード」から変形する。{{{LINEBREAK}}}<オート/狩場>: このカードが討伐した時、あなたの山札から『スラッシュアックス』を1枚まで選んで、相手に見せてから手札に加える。その後、シャッフルする。　　	渡邊 里恵香	Alloy Armor	-	-	【Morph】<Open>[Material ①]: Unitl the end of the hunt, morph a "Bone Axe+ Axe Mode" from the Hunting Ground.{{{LINEBREAK}}}<Auto / Hunting Ground>: When this card slays another card, choose one "Switch Axe" Hunter from your deck, reveal it and add it to your hand. Then, shuffle your deck.	
7	Rare	51	Hunter	アンバースラッシュ 斧モード	Amber Slash Axe Mode	300	2★	Switch Axe	-	-	-	-	-	ベリオシリーズ	-	-	<オート/キャンプ>：ターンの開始時、あなたの手札を５枚まで選んで、準備ゾーンに表向きか裏向きで出す。ただし、イベントを表向きで出すことはできず、あなたの準備ゾーンにあるカードが５枚を超えるように出すこともできない。	百瀬 寿	Barioth Armor	-	-	<Auto / Camp>: At the start of the turn, choose up to 5 cards in your hand, place them into the Preparation Zone face up or face down. However, Events cannot be placed face up, and you cannot place more than 5 cards in your Preparation Zone.	
7	Ultra Rare	52	Hunter	アンバースラッシュ 剣モード	Amber Slash Sword Mode	400	2★	Switch Axe	-	-	-	-	-	ベリオシリーズ	-	-	【変形】<オープン>[素材①]: 狩りの終了時まで、狩場にある「アンバースラッシュ　斧モード」から変形する。{{{LINEBREAK}}}<アクティヴ/狩場>[素材①]: このカードを1つ前に移動する。この能力はターゲットモンスター1枚の狩り1回につき、1回しか使用できない。　　	百瀬 寿	Barioth Armor	-	-	【Morph】<Open>[Material ①]: Until the end of the Hunt, morph a "Amber Slash Axe Mode" from the Hunting Ground.{{{LINEBREAK}}}<Active / Hunting Ground>[Material ①]: Move this card one position forward. This ability can only be used once for each hunted Target Monster.	Need to double check this one, if a hunt fails for a target monster, can this ability be used again on them for subsequent retries of the hunt? Or is a target monster exempt from this effect for the rest of the game once it's been used a single time while hunting them?
7	Common	53	Hunter	バスチオンバスター剛 斧モード	Bastion Blitz (P) Axe Mode	800	3★	Switch Axe	Switch Axe	Shell (Yellow)	-	-	-	ネブラGシリーズ	-	-	-	安達 洋介	Gigginox G Armor	-	-	-	
7	Common	54	Hunter	バスチオンバスター剛 剣モード	Bastion Blitz (P) Sword Mode	1000	3★	Switch Axe	-	-	-	-	-	ネブラGシリーズ	-	-	【変形】<オープン>[素材①]: 狩りの終了時まで、狩場にある「バスチオンバスター剛　斧モード」から変形する。{{{LINEBREAK}}}<オート/狩場>:このカードが準備ゾーンから狩場に出た時、準備ゾーンにある★6以下のターゲットモンスターを1枚まで選んで、捨てる。	安達 洋介	Gigginox G Armor	-	-	【Morph】<Open>[Material ①]: Until the end of the Hunt, morph a "Bastion Blitz Axe Mode" from the Hunting Ground.{{{LINEBREAK}}}<Auto / Hunting Ground>: When this card enters the Hunting Ground from the Preparation Zone, choose up to 1 6★ or below Target Monster from your Preperation Zone, discard it.	
7	Rare	55	Hunter	ソルブレイカー剛 斧モード	Soul Breaker (P) Axe Mode	700	4★	Switch Axe	Switch Axe	Scale (Yellow)	-	-	-	レイアGシリーズ	-	-	<オート/キャンプ>：相手のターンの間、ターゲットモンスターが準備ゾーンから狩場に出た時、あなたの手札を1枚まで選んで、準備ゾーンに裏向きで出す。ただし、あなたの準備ゾーンにあるカードが5枚超えるように出すことはできない。	koji	Rathian G Armor	-	-	<Auto / Camp>: During your opponent's turn, when a Target Monster enter the Hunting Ground from their Preparation Zone, choose up to 1 card from your hand, place it in your Preparation Zone face down. However, you may not place more than 5 cards in your Preparation Zone.	
7	Rare	56	Hunter	ソルブレイカー剛 剣モード	Soul Breaker (P) Sword Mode	700	4★	Switch Axe	-	-	-	-	-	レイアGシリーズ	-	-	【変形】<オープン>[素材①]: 狩りの終了時まで、狩場にある「ソルブレイカー剛　斧モード」から変形する。{{{LINEBREAK}}}<オート/狩場>: 狩場に★5以上のターゲットモンスターがある場合、このカードのパワー +700。	koji	Rathian G Armor	-	-	【Morph】<Open>[Material ①]: Until the end of the Hunt, morph a "Soul Breaker Axe Mode" from the Hunting Ground.{{{LINEBREAK}}}<Auto / Hunting Ground>: If there is a 5★ or higher Target Monster in the Hunting Ground, this card receives +700 Power.	
7	Uncommon	57	Hunter	クロノスグレネード	Chronos Grenade	800	4★	Light Bowgun	Light Bowgun	Scale (Yellow)	-	-	-	カイザーSシリーズ	-	-	<部位破壊/翼>{{{LINEBREAK}}}<オート/キャンプ>: あなたの手札の上限は3枚少なくかる。	Kuratch!	Kaiser S Armor	-	-	<Part Break / Wing>{{{LINEBREAK}}}<Auto / Camp>: Reduce your hand limit by 3.	
7	Rare	58	Hunter	イャンクック砲	Yian Kut-Ku Cannon	300	2★	Heavy Bowgun	-	-	-	-	-	クックシリーズ	-	-	<アクティヴ/狩場>[このカードを横向きにする]: 相手はあなたの捨場にあるカードを2枚選んで、好きな順番で山札の下に戻す。2枚戻したならば、あなたの山札の1番上のカードを裏向きで準備ゾーンに出す。ただし、あなたの準備ゾーンにあるカードが4枚を超えるように出すことはできない。	えだやん	Kut-Ku Armor	-	-	<Active / Hunting Ground>[Turn this card sideways]: Your opponent chooses 2 cards from your discard pile and returns them to the bottom your deck in any order. If they do, place the top card from your deck into your Preparation Zone face down. However, you may not place more than 4 cards in your Preparation Zone.	
7	Common	59	Hunter	ティガアローII	Tigrex Archer II	500	2★	Bow	-	-	-	-	-	モノブロスシリーズ	-	-	<オート/キャンプ>: このカードがゲームの開始時に表向きになった時、あなたの手札を１枚選んで、捨てる。{{{LINEBREAK}}}<オート/キャンプ>: このカードが手札か準備ゾーンからキャンプに出た時、あなたの手札を１枚選んで、捨てる。	添田 一平	Monoblos Armor	-	-	<Auto / Camp>: If this card is face up on your Camp at the start of game setup, choose 1 card from your hand, discard it.{{{LINEBREAK}}}<Auto / Camp>: When this card is enters your Camp from your Hand or Preparation Zone, choose 1 card from your hand, discard it.	Went a little more explicit than a direct translation for the first effect, from my understanding this will activate when you flip your starter hunters up right before the official first turn of the game
7	Uncommon	60	Hunter	龍弓【日輪】	Dragon Bow Solar	900	4★	Bow	Bow	Shell (Yellow) + Shell (Yellow)	-	-	-	艶・皇シリーズ	-	-	<アクティヴ/狩場>[手札①]: あなたの山札の1番上のカードを裏向きで準備ゾーンに出す。ただし、あなたの準備ゾーンにあるカードが4枚を超えるように出すことはできない。この能力は1ターンに1回しか使用できない。	AMON	Glyph U Armor	-	-	<Active / Hunting Ground>[Hand ①]: Place the top card from your deck into your Preparation Zone face down. However, you may not place more than 4 cards in your Prepration Zone. This ability can only be used 1 time per turn.	
7	Rare	61	Hunter	ユミ【凶】	Crow Bow	1300	6★	Bow	Bow	Shell (Red)	-	-	-	修羅・真シリーズ	-	-	<アクティヴ/狩場>[肉]: 狩りの終了時まで、このカードのパワー +500。この能力は1ターンに1回しか使用できない。	Noran Gom	Grand Carnage Armor	-	-	<Active / Hunting Ground>[Meat]: Until the end of the hunt, this card receives +500 Power. This ability can only be used 1 time per turn.	
7	Ultra Rare	62	Event	火薬岩の運搬	Powderstone Delivery	-	-	-	-	2	-	-	-	-	-	-	<イベント>[あなたのキャンプにある★3以上のハンターを1枚選んで、横向きにする]: カードを2枚引く。	齋藤 直葵	-	-	-	<Event>[Choose 1 3★ or above Hunter from your Camp, turn it sideways]: Draw 2 cards.	
7	Uncommon	63	Event	強溜め斬り	Strong Charged Slash	-	-	-	-	X	-	-	-	-	-	-	【固有技】<オープン>[手札②]: あなたの捨場にハンターが4枚以上ある場合、狩場にあるあなたの★3以上の『大剣』を１枚選んで、狩りの終了時まで、パワー +800。	山﨑 奈苗	-	-	-	【Signature Ability】<Open>[Hand ②]: If your discard pile contains more than 4 Hunters, choose 1 3★ or above "Great Sword" from the Hunting Ground, until the end of the hunt, it receives +800 Power.	
7	Common	64	Event	古龍観測隊		-	-	-	-	　1	-	-	-	-	-	-	<イベント>: あなたの山札からターゲットモンスターかテキストに「<古龍出現>」と書かれたギルドモンスターを1枚まで選んで、相手に見せてから手札に加え、シャッフルする。その後、このカードの能力であなたの手札にターゲットモンスターを加えた場合、あなたの手札を1枚まで選んで、捨てる。	木下 勇樹	-	-	-	<Event>: Choose up to 1 Target Monster or 1 Guild Monster with "<Elder Dragon Arrival>" in its card text from your deck, reveal it and add it to your hand, then shuffle your deck. If you took a Target Monster with this card's ability, choose 1 card from your hand, discard it.	
7	Common	65	Event	無敵の盾	Invincible Shield	-	-	-	-	X	-	-	-	-	-	-	<オープン>[素材④]: 狩りの終了時まで、キャンプと狩場にあるすべてのあなたのハンターは相手のカードの能力に選ばれない。	Kuratch!	-	-	-	<Open>[Material ④]: Until the end of the hunt, none of your Hunters in the Camp or Hunting Ground may be targeted by your opponent's card abilities.	
7	Common	66	Quest	大怪鳥イャンクックを倒せ!	Slay the Yian Kut-Ku!	-	-	-	-	-	-	-	200	-	-	-	条件: ★4以上の「イャンクック」討伐{{{LINEBREAK}}}<オート>: このカードを表向きにした時、あなたの手札を2枚選んで、捨ててよい。2枚捨てたならば、あなたの山札から★3のハンターか★4のハンターを2枚まで選んで、相手に見せてから手札に加える。その後、シャッフルする。	Hirokorin	-	-	-	Condition: Slay a 4★ or above "Yian Kut-Ku"{{{LINEBREAK}}}<Auto>: WHen this card is turned face up, choose 2 cards from your hand, discard them. If you do, choose up to 2 3★ or 4★ Hunters from our deck, reveal them and add them to your hand. Then, shuffle your deck.	
7	Common	67	Quest	古の霞龍、オオナズチ	The Elder Dragon of Mist	-	-	-	-	-	-	-	400	-	-	-	条件: ★6以上の「オオナズチ」討伐	松島 一夫	-	-	-	Condition: Slay a 6★ or above "Chameleos"	
7	Common	68	Quest	灯魚竜・チャナガブル!	Accident Investigation	-	-	-	-	-	-	-	400	-	-	-	条件: ★6以上の「チャナガブル」討伐{{{LINEBREAK}}}【サブ依頼】<オート>: このカードを表向きにした時、テキストに「<部位破壊/尻尾>」と書かれたハンターが★6以上の『チャナガブル」を討伐したならば、カードを2枚引く。	米川 東	-	-	-	Condition: Slay a 6★ or above "Gobul"{{{LINEBREAK}}}【Sub Quest】<Auto>: When this card is flipped face up, if a Hunter with "<Part Break / Tail>" in its card text slew a 6★ or above "Gobul", draw 2 cards.	
7	Common	69	Quest	雪獅子、二重の咆哮	Two Roars in the Snow	-	-	-	-	-	-	-	500	-	-	-	条件: ★4以上の『ドドブランゴ【L】」と★4以上の『ドドブランゴ【R】」の2頭討伐	松島 一夫	-	-	-	Condition: Slay a 4★ or above "Blangonga [L]" and a 4★ or above "Blangonga [R]" in a Double Hunt.	
7	Common	70	Quest	氷点下の支配者	The Frozen Dictator	-	-	-	-	-	-	-	800	-	-	-	条件: ★7以上の「クシャルダオラ」討伐	Mitsuhiro Arita	-	-	-	Condition: Slay a 7★ or above "Kushala Daora"	
7	Common	71	Quest	火の海に棲む竜!	Denizen of the Molten Deep	-	-	-	-	-	-	-	1200	-	-	-	条件: ★8以上の「アグナコトル」討伐{{{LINEBREAK}}}【サブ依頼】<オート>: このカードを表向きにした時、あなたのサブデッキにこのカード以外の表向きのクエストがないならば、相手は自分の手札を3枚選んで、捨てる。	山宗	-	-	-	Condition: Slay a 8★ or above "Agnaktor"{{{LINEBREAK}}}【Sub Quest】<Auto>: When this card is flipped face up, if your Sub Deck has no other face up Quests besides this one, your opponent chooses 3 cards from their hand and discards them.	
7	Common	72	Palico	会心攻撃ニャ!		-	-	-	-	3	-	-	-	-	-	-	<オトモ>: あなたの山札の上からカードを1枚公開し、山札の下に戻す。公開したカードが★3以上のカードならば、狩りの終了時まで、狩場にあるターゲットモンスターのパワー -700。	十葉 一駒	-	-	-	<Buddy>: Reveal the top card of your deck, return it to the bottom of your deck. If the revealed card is 3★ or above, until the end of the hunt, Target Monsters in the Hunting Ground receive -700 Power.	
7	Rare	73	Palico	きもちいいニャ	That Feels Grrreat!	-	-	-	-	1	-	-	-	-	-	-	<オトモ>: あなたの山札の下からカードを2枚手札に加える。	山崎 太郎	-	-	-	<Buddy>: Draw the bottom 2 cards of your deck.	
7	Common	74	Palico	小型狙いニャ	Targeting Small Meownsters	-	-	-	-	2	-	-	-	-	-	-	<オトモ>: 相手の準備ゾーンにある裏向きのカードを１枚まで選んで、表向きにする。表向きにしたカードが★４以下のターゲットモンスターの場合、そのカードを捨てる。	山崎 太郎	-	-	-	<Buddy>: Choose up to 1 face down card in your opponent's Preparation Zone, flip it face up. If the flipped card is a 4★ or below Target Monster, discard it.	
7	Uncommon	75	Palico	爆弾一筋なのニャ		-	-	-	-	2	-	-	-	-	-	-	<オトモ>: 狩場にある『ライトボウガン』か『ミドルボウガン』か『ヘビィボウガン』か『弓』を1枚選んで、狩りの終了時まで、パワー +500。	toma	-	-	-	<Buddy>: Choose 1 "Light Bowgun", "Medium Bowgun", "Heavy Bowgun", or "Bow" Hunter from the Hunting Ground, until the end of the hunt, it receives +500 Power.	
8	Common	1	Guild Monster	ドスガレオス※	※Cephradrome	500	1★	-	-	-	-	-	-	-	ガレオスシリーズ x1	-	<オープン>: このカードはあなたのターンにしかオープンできない。あなたのキャンプに防具が「ガレオスシリーズ」のハンターがある場合、狩場とキャンプにあなたのカードが合わせて2マス以下しかないならば、このカードを縦向きで狩場の先頭に出す。	齋藤 直葵	-	Cephalos Armor x1	-	<Open>: This card can only be opened during your turn. If your Camp contains a Hunter with the Armor "Cephalos Armor", and your Hunting Ground and Camp have a combine contain 2 cards or less, place this card into the Hunting Ground in the lead position.	マス is most likely a typo of 枚(マイ)
8	Common	2	Guild Monster	イャンクック亜種※	※Blue Yian Kut-Ku	700	3★	-	-	-	-	-	-	-	クックUシリーズ x1	-	<オート/狩場>: このカードの前にあるカードが討伐した時、カードを1枚引く。	村上 ヒサシ	-	Kut-Ku U Armor x1	-	<Auto / Hunting Ground>: If any card in front of this card slays a monster, draw a a card.	
8	Rare	3	Guild Monster	ボルボロス※	※Barroth	1200	3★	-	-	-	-	-	-	-	ボロスGシリーズ x1	-	<アクティヴ/狩場>[このカードを横向きにする＋手札②]: キャンプにあるハンターを1枚選んで、横向きにする。	NAKAGAWA	-	Barroth Armor x1	-	<Active / Hunting Ground>[Turn this card sideways + Hand ②]: Choose 1 Hunter in a Camp, turn it sideways.	
8	Rare	4	Guild Monster	クシャルダオラ※	※Kushala Daora	1500	4★	-	-	-	-	-	-	-	クシャナSシリーズ x1	-	<古龍出現>{{{LINEBREAK}}}<オート/狩場>: 相手の準備ゾーンにあるカードが山札に戻った時、相手のキャンプにあるハンターを1枚選んで、横向きにする。	山宗	-	Kushala S Armor x1	-	<Elder Dragon Arrival>{{{LINEBREAK}}}<Auto / Hunting Ground>: When your opponent returns cards from their Preparation Zone to their deck, choose 1 Hunter in your opponent's Camp, turn it sideways.	
8	Uncommon	5	Guild Monster	グラビモス※	※Gravios	1300	4★	-	-	-	-	-	-	-	グラビドSシリーズ x1	-	<アクティヴ/狩場>[手札②]: 相手の準備ゾーンにあるカードを1枚選んで、表向きにする。	中北 晃二	-	Gravios S Armor x1	-	<Active / Hunting Ground>[Hand ②]: Choose 1 card from your opponent's Preparation Zone, flip it face up.	
8	Rare	6	Guild Monster	ディアブロス亜種※	※Black Diablos	1300	4★	-	-	-	-	-	-	-	ディアブロUシリーズ x1	-	<オープン>: 狩場にあなたの『ディアブロス亜種※」がある場合、キャンプと狩場にあるすべての★3以下のハンターを横向きにする。	米川 東	-	Diablos U Armor x1	-	<Open>: If you control a "※Black Diablos" in the Hunting Ground, all 3★ or below Hunters in the Camp and Hunting Ground are turned sideways.	
8	Uncommon	7	Guild Monster	モノブロス※	※Monoblos	1200	4★	-	-	-	-	-	-	-	モノブロスSシリーズ x1	-	<アクティヴ/準備ゾーン>[このカードを捨てる]: 狩場にあなたの「モノブロス※」がある場合、相手は狩りの終了時まで、オープン能力を使用できない。	仙田 聡	-	Monoblos S Armor x1	-	<Active / Preparation Zone>[Discard this card]: If you control a "※Monoblos" in the Hunting Ground, until the end of the hunt, Open effects cannot be used.	
8	Uncommon	8	Guild Monster	ガノトトス亜種※	※Green Plesioth	1500	6★	-	-	-	-	-	-	-	ガノスZシリーズ x1	-	<オート/狩場>: あなたの捨場にカードが5枚以下しかない場合、このカードのパワー +1000。	Kou Takano	-	Plesioth Z Armor x1	-	<Auto / Hunting Ground>: If your discard pile contains 5 cards or less, this card receives +1000 Power.	
8	Ultra Rare	9	Guild Monster	リオレイア亜種※	※Pink Rathian	1800	6★	-	-	-	-	-	-	-	リオハートZシリーズ x1	-	<オート/キャンプ>: このカードが手札か準備ゾーンからキャンプに出た時、あなたの山札からカードを3枚まで選んで、裏向きで素材置場に置く。その後、シャッフルする。	木下 勇樹	-	Rath Heart Z Armor	-	<Auto / Camp>: When this card enters the Camp from your hand or Preparation Zone, choose up to 3 cards from your deck, place them in your Material Storage face down. Then, shuffle your deck.	
8	Rare	10	Guild Monster	テオ・テスカトル※	※Teostra	2100	9★	-	-	-	-	-	-	-	カイザーXシリーズ x1	-	<古龍出現>{{{LINEBREAK}}}<オート/狩場>: 相手の準備ゾーンにあるカードが捨てられた時、捨てられたカード1枚につき、狩りの終了時まで、狩場にあるターゲットモンスターのパワー -500。	松島 一夫	-	Kaiser X Armor	-	<Elder Dragon Arrival>{{{LINEBREAK}}}<Auto / Hunting Ground>: When cards are discarded from your opponent's Preparation Zone, for each discarded card, Target Monsters in the Hunting Ground receive -500 Power until the end of the hunt.	
8	Common	11	Target Monster	イーオス	Ioprey	200	1★	-	-	-	1	Scale (Yellow)	-	-	-	砦	<オープン>[あなたの準備ゾーンにあるイベントを1枚選んで、捨てる]: 狩場にあるハンターの中で先頭のハンターが★2以下の場合、そのハンターを縦向きでキャンプに置く。	米谷 尚展	-	-	Fortress	<Open>[Choose 1 Event from your Preparation Zone, discard it]: If the Lead Hunter in the Hunting Ground is 2★ or below, place that Hunter in the facing forward in the Camp.	
8	Common	12	Target Monster	ガレオス	Cephalos	200	1★	-	-	-	1	Scale (Yellow)	-	-	-	砂漠	<アクティヴ/準備ゾーン>[このカードを捨てる]: あなたの手札を1枚選んで、捨てる。捨てたならば、あなたの山札からカードタイトルに「ガレオス」を含むカードを1枚まで選んで、相手に見せてから手札に加える。その後、シャッフルする。	Toronn	-	-	Desert	<Active / Preparation Zone>[Discard this card]: Choose 1 card from your hand, discard it. If you do, choose 1 card from your deck with "Cephalos" in its title, reveal it and add it to your hand. Then, shuffle your deck.	Not sure if this includes Cephadrome as well as Cephalos since Cephadrome (ドスガレオス) technically also have ガレオス in their name
8	Common	13	Target Monster	ガノトトス	Plesioth	400	3★	-	-	-	1	Scale (Yellow)	-	-	-	砂漠	<オープン>: 相手の準備ゾーンにカードが4枚以上ある場合、砂漠で狩りをしているならば、相手は自分の手札をすべて好きな順番で山札の下に戻す。	古賀 マサヲ	-	-	Desert	<Open>: If your opponent's Preparation Zone contains 4 or more cards, and you are hunting in the Desert, your opponent returns their entire hand to the bottom of their deck in any order.	
8	Common	14	Target Monster	ゲリョス亜種	Purple Gypceros	400	3★	-	-	-	1	Shell (Yellow)	-	-	-	沼地	<オープン>: 次のあなたのターンの開始時まで、相手の手札の上限は5枚少なくなる。	Mitsuhiro Arita	-	-	Marshlands	<Open>: Until the next start of your turn, reduce your opponent's hand limit by 5.	
8	Common	15	Target Monster	ダイミョウザザミ	Daimyo Hermitaur	400	3★	-	-	-	1	Shell (Yellow)	-	-	-	-	<オート/準備ゾーン>: あなたのターンの終了時、このカードを裏向きにする。{{{LINEBREAK}}}<オープン>: 相手の山札の１番上のカードを見て、山札の１番上か１番下に戻す。	松島 ひろし	-	-	-	<Auto / Preparation Zone>: At the end of your turn, flip this card face down.{{{LINEBREAK}}}<Open>: Look at the top card of your opponent's deck, return it to the top or bottom of their deck.	
8	Uncommon	16	Target Monster	イャンクック	Yian Kut-Ku	400	4★	-	-	-	0	Shell (Yellow)	-	-	-	-	<オート/狩場>: このカードが討伐された時、このカードを討伐したカードの持ち主のプレイヤーは自分の山札の１番上のカードを裏向きで素材置場に置く。	米川 東	-	-	-	<Auto / Hunting Ground>: When this card is slain, the owner of the card that slew this card, places the top card of their deck in their Material Storage face down.	
8	Common	17	Target Monster	牙を剥くナナ・テスカトリ	Lunastra, Fangs Bared	400	4★	-	-	-	0	Scale (Yellow)	-	-	-	火山	<撃退>: このカードを討伐した時、撃退としても扱う。このカードが素材置場から捨てられた時、サブデッキ置場に表向きで置いてよい。{{{LINEBREAK}}}<オープン>:　狩りの終了時まで、狩場にあるギルドモンスターのパワー -500。	ナブランジャ	-	-	Volcano	<Repel>: When this card is slain, treat it as a repel. When this card is discarded from the material storage, place it in your Sub Deck face up.{{{LINEBREAK}}}<Open>: Until the end of the hunt, Guild Monsters in the Hunting Ground receives -500 Power.	
8	Common	18	Target Monster	錆びたクシャルダオラ	Rusted Kushala Daora	400	4★	-	-	-	1	Scale (Yellow)	-	-	-	街	<撃退>: このカードを討伐した時、撃退としても扱う。このカードが素材置場から捨てられた時、サブデッキ置場に表向きで置いてよい。{{{LINEBREAK}}}<オープン>: 相手の準備ゾーンにカードが3枚以下しかない場合、相手の準備ゾーンにあるカードを1枚選んで、手札に戻す。	米川 東	-	-	Battlequarters	<Repel>: When this card is slain, treat it as a repel. When this card is discarded from the material storage, place it in your Sub Deck face up.{{{LINEBREAK}}}<Open>: If your opponent's Prepration Zone has 3 cards or less, choose 1 card from their Preparation Zone and return it to their hand.	
8	Common	19	Target Monster	姿を隠すオオナズチ	Chameleos, Camouflaged	400	4★	-	-	-	1	Shell (Yellow)	-	-	-	森丘	<撃退>: このカードを討伐した時、撃退としても扱う。このカードが素材置場から捨てられた時、サブデッキ置場に表向きで置いてよい。{{{LINEBREAK}}}<アクティヴ/素材置場>[このカードを捨てる]: あなたの山札から「最終決戦！オオナズチ」を1枚まで選んで、相手に見せてから手札に加える。その後、シャッフルする。	ナブランジャ	-	-	Verdant Hills	<Repel>: When this card is slain, treat it as a repel. When this card is discarded from the material storage, place it in your Sub Deck face up.{{{LINEBREAK}}}<Active / Material Storage>[Discard this card]: Choose up to 1 "Final Battle! Chameleos" from your deck, reveal it and add it to your hand. Then shuffle your deck.	
8	Common	20	Target Monster	大砂漠を泳ぐジエン・モーラン	Jhen Moran, Burrowing	400	4★	-	-	-	1	Shell (Yellow)	-	-	-	大砂漠	<撃退>: このカードを討伐した時、撃退としても扱う。このカードが素材置場から捨てられた時、サブデッキ置場に表向きで置いてよい。{{{LINEBREAK}}}<オート/狩場>:あなたのカードがこのカードを撃退した時、あなたの山札から「襲いかかるジエン・モーラン」を1枚まで選んで、表向きであなたの準備ゾーンに出す。その後、シャッフルする。ただし、あなたの準備ゾーンにあるカードが5枚を超えるように出すことはできない。	タカヤマ トシアキ	-	-	Great Desert	<Repel>: When this card is slain, treat it as a repel. When this card is discarded from the material storage, place it in your Sub Deck face up.{{{LINEBREAK}}}<Auto / Hunting Ground>: When a card you control repels this card, choose up to 1 "Jhen Moran, Bounding Assault" from your deck, place it in your Preparation Zone face up. Then, shuffle your deck. However, you may not place more than 5 cards in your Preparation Zone.	
8	Common	21	Target Monster	フルフル亜種	Red Khezu	700	4★	-	-	-	2	Shell (Yellow)	-	-	-	沼地	<オート/狩場>:相手の手札が3枚以上ある場合、相手のハンターは狩りに参加できない。	NAKAGAWA	-	-	Marshlands	<Auto / Hunting Ground>: While your opponent's hand contains 3 or more cards, your opponent's Hunters cannot participate in hunts.	
8	Uncommon	22	Target Monster	リオレイア	Rathian	500	4★	-	-	-	1	Scale (Yellow)	-	-	-	密林	<部位破壊/翼>: ターンの終了時まで、このカードを部位破壊したカードのパワー +300。{{{LINEBREAK}}}<オープン>: 相手の準備ゾーンにあるカードを1枚選んで、表向きにする。	dhr dhr	-	-	Jungle	<Part Break / Wing>: Until the end of the turn, the card that completed a Part Break on this card receives +300 Power.{{{LINEBREAK}}}<Open>: Choose 1 card in your opponet's Preparation Zone, flip it face up.	
8	Uncommon	23	Target Monster	襲いかかるジエン・モーラン	Jhen Moran, Bounding Assault	1700	6★	-	-	-	1	Mantle (Red)	-	-	-	大砂漠	<撃退>: このカードを討伐した時、撃退としても扱う。このカードが素材置場から捨てられた時、サブデッキ置場に表向きで置いてよい。{{{LINEBREAK}}}<オート/狩場>: あなたのカードがこのカードを撃退した時、あなたの山札から「最終決戦！ジエン・モーラン」を1枚まで選んで、表向きであなたの準備ゾーンに出す。その後、シャッフルする、あなたの準備ゾーンにあるカードが5枚を超えるように出すことはできない。	タカヤマ トシアキ	-	-	Great Desert	<Repel>: When this card is slain, treat it as a repel. When this card is discarded from the material storage, place it in your Sub Deck face up.{{{LINEBREAK}}}<Auto / Hunting Ground>: When a card you control repels this card, choose up to 1 "Final Battle! Jhen Moran" from your deck, place it in your Preparation Zone face up. Then, shuffle your deck. However, you may not place more than 5 cards in your Preparation Zone.	
8	Uncommon	24	Target Monster	最終決戦!オオナズチ	Final Battle! Chameleos	1400	6★	-	-	-	1	Gem (Purple)	-	-	-	密林	【最終決戦】<オート/狩場>: このカードが準備ゾーンから狩場に出た時、あなたのサブデッキ置場に「姿を隠すオオナズチ」が1枚もないならば、あなたの素材置場にあるカードを2枚選んで、捨ててよい。2枚捨てなかったならば、このカードを手札に戻す。	古賀 マサヲ	-	-	Jungle	【Final Battle】<Auto / Hunting Ground>: When this card enters the Hunting Ground from your Preparation Zone, if you have a "Chameleos, Camouflaged" in your Sub Deck, choose 2 cards from your Material Storage, discard them. If you cannot, return this card to your hand.	
8	Uncommon	25	Target Monster	最終決戦!ナナ・テスカトリ	Final Battle! Lunastra	1400	6★	-	-	-	1	Shell (Red)	-	-	-	砂漠	【最終決戦】<オート/狩場>: あなたのサブデッキ置場「牙を剥くナナ・テスカトリ」が1枚もない場合、狩場にあるカードの中で先頭のカードのパワー -500。	緑川 美帆	-	-	Desert	【Final Battle】<Auto / Hutning Ground>: If your Sub Deck does not contain a "Lunastra, Fangs Bared", the Lead Hunter in the Hunting Ground receives Power -500.	
8	Uncommon	26	Target Monster	殺気立つクシャルダオラ	Kushala Daora, Seething	1700	6★	-	-	-	1	Shell (Red)	-	-	-	街	<撃退>: このカードを討伐した時、撃退としても扱う。このカードが素材置場から捨てられた時、サブデッキ置場に表向きで置いてよい。{{{LINEBREAK}}}<オープン>: あなたのサブデッキ置場に。「錆びたクシャルダオラ」がある場合、相手のキャンプにある★4以下のハンターを１枚選んで、横向きにする。	山崎 太郎	-	-	Battlequarters	<Repel>: When this card is slain, treat it as a repel. When this card is discarded from the material storage, place it in your Sub Deck face up.{{{LINEBREAK}}}<Open>: If your Sub Deck contains a "Rusted Kushala Daora", choose 1 4★ or below Hunter from your opponent's Camp, turn it sideways.	
8	Ultra Rare	27	Target Monster	イビルジョー	Deviljho	5400	8★	-	-	-	2	Mantle (Red)	-	-	-	孤島	<オープン>[甲殻(赤) + 甲殻(赤)]: 狩場にあるターゲットモンスターを捕食する。(捕食されたカードは捨てる。)	Toronn	-	-	Deserted Island	<Open>[Shell (Red) + Shell (Red)]: Consume the Target Monster in the Hunting Ground. (Consumed cards are discarded.)	
8	Ultra Rare	28	Target Monster	イビルジョー	Deviljho	5400	8★	-	-	-	2	Mantle (Red)	-	-	-	砂原	<オープン>[あなたのキャンプにある★5以上のハンターを2枚選んで、横向きにする + 宝玉(紫) + 宝玉 (紫)]: 相手の準備ゾーンにあるすべてのカードと相手のすべての手札を捕食する。(捕食されたカードは捨てる。)	Kou Takano	-	-	Sandy Plains	<Open>[Choose 2 5★ or above Hunters from your Camp, turn them sideways + Gem (Purple) + Gem (Purple)]: Consume all cards in your opponent's Preparation Zone and hand. (Consumed cards are discarded).	
8	Rare	29	Target Monster	最終決戦!クシャルダオラ	Final Battle! Kushala Daora	4000	8★	-	-	-	1	Shell (Red)	-	-	-	雪山	【最終決戦】<オート/狩場>: ★4以下のカードが狩場に出た時、あなたのサブデッキ置場に「錆びたクシャルダオラ」と「殺気立つクシャルダオラ」の組み合わせが1組もないならば、そのカードを横向きにする。{{{LINEBREAK}}}<オート/狩場>: あなたのカードがこのカードを討伐した時、このカードをサブデッキ置場に表向きで置いてよい。	松島 一夫	-	-	Arctic Ridge	【Final Battle】<Auto / Hunting Ground>: When a 4★ or below card enters the Hunting Ground, and your Sub Deck does not contain both "Rusted Kushala Daora" and "Kushala Daora, Seething", that card is turned sideways.{{{LINEBREAK}}}<Auto / Hunting Ground>: When a card you control slays this card, place this card in your Sub Deck face up.	
8	Rare	30	Target Monster	最終決戦!ジエン・モーラン	Final Battle! Jhen Moran	4500	8★	-	-	-	2	Mantle (Red)	-	-	-	大砂漠	【最終決戦】<オート/狩場>: あなたのサブデッキ置場に「大砂漠を泳ぐジエン・モーラン」と「襲いかかるジエン・モーラン」の組みあわせが1組以上ある場合、このカードのパワー -1200。{{{LINEBREAK}}}<オープン>: 大砂漠にあるハンターをー1枚選んで、狩りの終了時まで、パワー -1000。	タカヤマ トシアキ	-	-	Great Desert	【Final Battle】<Auto / Hunting Ground>: If your Sub Deck contains both "Jhen Moran, Burrowing" and "Jhen Mora, Bounding Assault", this card receives -1200 Power.{{{LINEBREAK}}}<Open>: Choose a Hunter in the Great Desert, until the end of the Hunt, it receives -1000 Power.	
8	Common	31	Hunter	蒼剣ガノトトス	Plesioth Crystasword	200	1★	Great Sword	-	-	-	-	-	リオソウルシリーズ	-	-	【溜め】<オート/狩場>: このカード以外のカードが討伐した時、このカードの上に溜めカウンター1個置く。ただし、3個を超えるように置くことはできない。{{{LINEBREAK}}}【溜め斬り】<アクティヴ/狩場>[このカードの上にあるすべての溜めカウンターを取り除く]: 取り除いた溜めカウンター1個につき、狩りの終了時まで、このカードのパワー +200。	Hirokorin	Rath Soul Armor	-	-	【Charge】<Auto / Hunting Ground>: When a card besides this one slays a Target Monster, place a Charge counter on this card. However, you may not exceed 3 of these.{{{LINEBREAK}}}【Charged Slash】<Active / Hunting Ground>[Remove all Charge counters on this card]: For each Charge counter removed, unitl the end of the hunt, this card receives +200 Power.	
8	Uncommon	32	Hunter	蒼刃剣ガノトトス	Plesioth Azureblade	500	3★	Great Sword	Great Sword	Scale (Yellow)	-	-	-	モノブロスSシリーズ	-	-	【溜め】<オート/狩場>: このカード以外のカードが討伐した時、このカードの上に溜めカウンター1個置く。ただし、3個を超えるように置くことはできない。{{{LINEBREAK}}}【溜め斬り】<アクティヴ/狩場>[このカードの上にあるすべての溜めカウンターを取り除く]: 取り除いた溜めカウンター1個につき、狩りの終了時まで、このカードのパワー +300。	Hirokorin	Monoblos S Armor	-	-	【Charge】<Auto / Hunting Ground>: When a card besides this one slays a Target Monster, place a Charge counter on this card. However, you may not exceed 3 of these.{{{LINEBREAK}}}【Charged Slash】<Active / Hunting Ground>[Remove all Charge counters on this card]: For each Charge counter removed, unitl the end of the hunt, this card receives +300 Power.	
8	Rare	33	Hunter	流刃剣ガノトトス	Plesioth Wave Blade	1000	5★	Great Sword	Great Sword	Mantle (Red)	-	-	-	レウスXシリーズ	-	-	【溜め】<オート/狩場>: このカード以外のカードが討伐した時、このカードの上に溜めカウンター1個置く。ただし、3個を超えるように置くことはできない。{{{LINEBREAK}}}【溜め斬り】<アクティヴ/狩場>[このカードの上にあるすべての溜めカウンターを取り除く]: 取り除いた溜めカウンター1個につき、狩りの終了時まで、このカードのパワー +500。	Hirokorin	Rathalos X Armor	-	-	【Charge】<Auto / Hunting Ground>: When a card besides this one slays a Target Monster, place a Charge counter on this card. However, you may not exceed 3 of these.{{{LINEBREAK}}}【Charged Slash】<Active / Hunting Ground>[Remove all Charge counters on this card]: For each Charge counter removed, unitl the end of the hunt, this card receives +500 Power.	
8	Common	34	Hunter	龍刀【紅蓮】	Red Dragonsword	300	2★	Long Sword	-	-	-	-	-	モノデビルシリーズ	-	-	【練気】<オート/狩場>: このカードが討伐した時、このカードの上に練気カウンターを1個置く。{{{LINEBREAK}}}【気刃斬り】<アクティヴ/狩場>[このカードの上にある練気カウンターを4個取り除く]: 狩場にあるパワー 1000以下のターゲットモンスターを討伐する。(即座に討伐判定を行う。パワーを無視して、このカードが単独で討伐したことにする。)	添田 一平	Monodevil Armor	-	-	【Spirit】<Auto / Hunting Ground>: When this card slays a Target Monster, place a Spirit counter on this card.{{{LINEBREAK}}}【Spirit Blade】<Active / Hunting Ground>[Remove 4 Spirit counters from this card]: Target Monsters with 1000 Power or less in the Hunting Ground are immediately slain. (Perform the Defeat Verdict immediately. Ignore Power, this card is treated as the only card that slew the Target Monster)	
8	Uncommon	35	Hunter	ミラージュショテル改	Mirage Finsword+	700	4★	Long Sword	Long Sword	Scale (Yellow)	-	-	-	クシャナSシリーズ	-	-	【練気】<オート/狩場>: このカードが討伐した時、このカードの上に練気カウンターを1個置く。{{{LINEBREAK}}}【気刃斬り】<アクティヴ/狩場>[このカードの上にある練気カウンターを2個取り除く]: 相手の準備ゾーンにあるターゲットモンスターを1枚選んで、山札の下に戻す。	ctype	Kushala S Armor	-	-	【Spirit】<Auto / Hunting Ground>: When this card slays a Target Monster, place a Spirit counter on this card.{{{LINEBREAK}}}【Spirit Blade】<Active / Hunting Ground>[Remove 2 Spirit counters from this card]: Choose 1 Target Monster in your opponent's Preparation Zone, return it to the bottom of their deck.	
8	Ultra Rare	36	Hunter	ダオラ=レイド	Daora's Raid	1400	5★	Long Sword	Long Sword	Gem (Purple)	-	-	-	オウビートXシリーズ	-	-	【練気】<オート/狩場>: このカードが討伐した時、このカードの上に練気カウンターを1個置く。{{{LINEBREAK}}}【気刃斬り】<アクティヴ/狩場>[このカードの上にある練気カウンターを6個取り除く]: 狩場にあるパワー4000以下のターゲットモンスターを討伐する。(即座に討伐判定を行う。パワーを無視して、このカードが単独で討伐したことにする。)	koji	Obituary X Armor	-	-	【Spirit】<Auto / Hunting Ground>: When this card slays a Target Monster, place a Spirit counter on this card.{{{LINEBREAK}}}【Spirit Blade】<Active / Hunting Ground>[Remove 6 Spirit counters from this card]: Target Monsters with 4000 Power or less in the Hunting Ground are immediately slain. (Perform the Defeat Verdict immediately. Ignore Power, this card is treated as the only card that slew the Target Monster)	
8	Rare	37	Hunter	ハンターナイフ	Hunter's Knife	300	2★	Sword and Shield	-	-	-	-	-	チェーンシリーズ	-	-	<オート/キャンプ>: このカードが手札か準備ゾーンからキャンプに出た時、あなたのキャンプに★3以上のカードがないならば、あなたの山札の上からカードを5枚捨てる。	えだやん	Chain Armor	-	-	<Auto / Camp>: When this card enters the Camp from your hand or Prepration Zone, if your Camp contains no 3★ or above cards, discard the top 5 cards of your deck.	
8	Rare	38	Hunter	インセクトオーダー改	Insector	300	2★	Dual Blades	-	-	-	-	-	ギザミシリーズ	-	-	<オート/狩場>: キャンプか狩場にこのカード以外のあなたの『双剣』がない場合、あなたの捨場にカードが20枚以上あるならば、狩場にあるすべてのあなたの★2以下のハンターのパワー +1000。	えだやん	Ceanataur Armor	-	-	<Auto / Hunting Ground>: While you control a "Dual Blades" Hunter besides this one in your Camp or the Hunting Ground, and your discard pile contains 20 or more cards, all 2★ or below Hunters you control in the Hunting Ground receive +1000 Power.	May have to specify a different name? Having two of these stack with each other seems pretty OP
8	Common	39	Hunter	ヤツザキ	Limb Cutter	600	4★	Dual Blades	Dual Blades	Shell (Yellow)	-	-	-	ギザミSシリーズ	-	-	【乱舞】<アクティヴ/狩場>: 狩りの終了時まで、このカードのパワー +600。この能力を使用した狩りの終了時、このカードを横向きにする。この能力はあなたのターンの間、1ターンに1回しか使用できない。	碧 風羽	Ceanataur S Armor	-	-	【Blade Dance】<Active / Hunting Ground>: Until the end of the hunt, this card recives +600 Power. When a hunt, where this ability is used, ends, turn this card sideways. This ability can only be used once per turn during your turn.	
8	Rare	40	Hunter	霞双剣オオナズチ	Chameleos Dual Blades	1400	6★	Dual Blades	Dual Blades	Gem (Purple)	-	-	-	カイザーXシリーズ	-	-	【乱舞】<アクティヴ/狩場>[素材③]: 相手の準備ゾーンにあるすべてのターゲットモンスターを捨てる。この能力を使用した狩りの終了時、このカードを横向きにする。この能力はあなたのターンの間、1ターンに1回しか使用できない。	碧 風羽	Kaiser X Armor	-	-	【Blade Dance】<Active / Hunting Ground>[Material ③]: Discard all Target Monsters in your opponent's Preparation Zone. When a hunt, where this ability is used, ends, turn this card sideways. This ability can only be used once per turn during your turn.	
8	Rare	41	Hunter	きんねこハンマー	Gold Cat Hammer	700	4★	Hammer	Hammer	Scale (Yellow) + Shell (Yellow)	-	-	-	ディアブロUシリーズ	-	-	<アクティヴ/狩場>[甲殻 (赤) + 天鱗 (赤) + 宝玉 (紫)]: あなたのサブデッキ置場に表向きのオトモが5枚以上ある場合、あなたはこのゲームに勝利する。	ぽん吉	Diablos U Armor	-	-	<Active / Hunting Ground>[Shell (Red) + Mantle (Red) + Gem (Purple)]: If your sub deck contains 5 or more face up Buddy cards, you win the game.	Might be good to specify that Buddy cards include Palico cards too
8	Common	42	Hunter	ウォードラム改	War Drum+	300	1★	Hunting Horn	-	-	-	-	-	ガレオスシリーズ	-	-	【演奏】<アクティヴ/狩場>[このカードを横向きにする]: 狩場にあるハンターを1選んで、狩りの終了時まで、パワー +300。	hichi	Plesioth Armor	-	-	【Recital】<Active / Hunting Ground>[Turn this card sideways]: Choose 1 Hunter in the Hunting Ground, until the end of the hunt, it receives +300 Power.	
8	Uncommon	43	Hunter	フルフルフルート	Khezu Flute	700	3★	Hunting Horn	Hunting Horn	Shell (Yellow)	-	-	-	フルフルUシリーズ	-	-	【演奏】<アクティヴ/狩場>[このカードを横向きにする]: あなたと相手は狩りの終了時まで、★4以下のターゲットモンスターのオープン能力を使用できない。	N.A	Khezu U Armor	-	-	【Recital】<Active / Hunting Ground>[Turn this card sideways]: Until the end of the hunt, neither you nor your opponnet can use the Open abilities of 4★ or below Target Monsters.	
8	Rare	44	Hunter	ギザザミハルス	Bi-Colored Castanet	1400	6★	Hunting Horn	Hunting Horn	Shell (Red)	-	-	-	バサルXシリーズ	-	-	【演奏】<アクティヴ/狩場>[このカードを横向きにする + 素材②]: キャンプにあるカードを2枚まで選んで、縦向きにする。	前河 悠一	Basarios U Armor	-	-	【Recital】<Active / Hunting Ground>[Turn this card sideways + Material ②]:　Choose up to 2 cards from your Camp, turn them facing forward.	
8	Common	45	Hunter	ガトリングランス改	Gatling Lance+	300	2★	Lance	-	-	-	-	-	デスギアシリーズ	-	-	【突進】<アクティヴ/狩場>[手札③]: このカードを先頭に移動し、狩りの終了時まで、パワー +300。	西野 幸治	Death Stench Armor	-	-	【Dash Attack】<Active / Hunting Ground>[Hand ③]: Move this card to the Lead Hunter position, until the end of the hunt, it receives +300 Power.	
8	Common	46	Hunter	大鬼槍ラージャン	Demonlance Rajang	500	4★	Lance	Lance	Scale (Yellow)	-	-	-	クックUシリーズ	-	-	【突進】<アクティヴ/狩場>[手札③]: このカードを先頭に移動し、狩りの終了時まで、パワー +500。	木下 勇樹	Kut-Ku U Armor	-	-	【Dash Attack】<Active / Hunting Ground>[Hand ③]: Move this card to the Lead Hunter position, until the end of the hunt, it receives +500 Power.	
8	Ultra Rare	47	Hunter	プロミネンスソウル	Prominence Soul	1200	6★	Lance	Lance	Mantle (Red)	-	-	-	コンガZシリーズ	-	-	【ガード】<オート/狩場>: 狩場にあるすべてのあなたのハンターのパワーはカードの能力で減少しない。	KENZY	Conga Z Armor	-	-	【Guard】<Auto / Hunting Ground>: Hunters you control in the Hunting Ground cannot have their Power reduced by card abilities.	
8	Uncommon	48	Hunter	シルバールーク	Silver Rook	700	4★	Gunlance	Gunlance	Shell (Yellow)	-	-	-	カイザーSシリーズ	-	-	<アクティヴ/狩場>[手札⑥]: この能力は相手のターンにしか使用できない。相手は自分の手札をすべて好きな順番で山札の下に戻す。	funbolt	Kaiser S Armor	-	-	<Active / Hunting Ground>[Hand ⑥]: This ability can only be used during your opponent's turn. Your opponent returns their hand to the bottom of their deck in any order.	
8	Common	49	Hunter	ボルトアックス 斧モード	Bolt Axe Axe Mode	600	2★	Switch Axe	-	-	-	-	-	レウスシリーズ	-	-	<オート/狩場>: このカードが討伐した時、あなたの手札を1枚選んで、山札の下に戻す。	三好 載克	Rathalos Armor	-	-	<Auto / Hunting Ground>: When this card slays a Target Monster, choose 1 card from your hand, return it to the bottom of your deck.	
8	Common	50	Hunter	ボルトアックス 剣モード	Bolt Axe Sword Mode	400	2★	Switch Axe	-	-	-	-	-	レウスシリーズ	-	-	【変形】<オープン>: 狩りの終了時まで、狩場にある「ボルドアックス 斧モード」から変形する。{{{LINEBREAK}}}<オート/狩場>: このカードが討伐した時、相手は自分の手札を1枚選んで、山札の下に戻す。	三好 載克	Rathalos Armor	-	-	【Morph】<Open>: Until the end of the hunt, Morph a "Bolt Axe Axe Mode" in the Hunting Ground.{{{LINEBREAK}}}<Auto / Hunting Ground>: When this card slays a target monster, your opponent chooses 1 card from their hand and returns it to the bottom of their deck.	
8	Uncommon	51	Hunter	雷迅剣斧ライコウ天 斧モード	Thunderstrike (G) Axe Mode	700	4★	Switch Axe	Switch Axe	Scale (Yellow)	-	-	-	ペッコGシリーズ	-	-	<オープン>[あなたのキャンプにある『スラッシュアックス』を1枚選んで、捨てる + 鱗 (黄)]: このカードを縦向きでキャンプに出す。	春乃壱	Qurupeco G Armor	-	-	<Open>[Discard 1 "Switch Axe" Hunter from your Camp + Scale (Yellow)]: Place this card in your Camp facing forward.	
8	Uncommon	52	Hunter	雷迅剣斧ライコウ天 剣モード	Thunderstrike (G) Sword Mode	1100	4★	Switch Axe	-	-	-	-	-	ペッコGシリーズ	-	-	【変形】<オープン>: 狩りの終了時まで、狩場にある「雷迅剣斧ライコウ天 斧モード」から変形する。{{{LINEBREAK}}}<オート/狩場>: このカードが準備ゾーンから狩場に出た時、あなたのキャンプにあるカードを1枚選んで、縦向きにする。	春乃壱	Qurupeco G Armor	-	-	【Morph】<Open>: Until the end of the hunt, Morph a "Thunderstrike (G) Axe Mode" in the Hunting Ground.{{{LINEBREAK}}}<Auto / Hunting Ground>: When this card enters the Hunting Ground from your Preparation Zone, choose 1 card from your Camp, turn it facing forward.	
8	Common	53	Hunter	テイルストリング改	Tail String+	300	2★	Light Bowgun	-	-	-	-	-	キリンシリーズ	-	-	<オート/キャンプ>: 相手のターンの開始時、あなたの山札の1番上のカードを裏向きで素材置場に置く。	安達 洋介	Kirin Armor	-	-	<Auto / Camp>: At the start of your opponent's turn, place the top card of your deck face down in your Material Storage.	
8	Rare	54	Hunter	神ヶ島	God's Isle	600	4★	Light Bowgun	Light Bowgun	Shell (Yellow)	-	-	-	グラビドSシリーズ	-	-	<オート/狩場>: 相手の準備ゾーンにあるカードが表向きになった時、狩りの終了時まで、このカードのパワー +300。	Noran Gom	Gravios S Armor	-	-	<Auto / Hunting Ground>: When a card in your opponent's Preparation Zone is flipped face up, until the end of the hunt, this card receives +300 Power.	
8	Common	55	Hunter	コンバットコンガ	Combat Conga	1400	5★	Light Bowgun	Light Bowgun	7	-	-	-	コンガXシリーズ	-	-	<アクティヴ/狩場>[手札②]: あなたのキャンプにあるギルドモンスターを縦向きにする。	春乃壱	Conga X Armor	-	-	<Active / Hunting Ground>[Hand ②]: Turn any Guild Monsters in your Camp facing forward.	
8	Common	56	Hunter	トロペクルガン	Tropeco Gun	500	2★	Medium Bowgun	-	-	-	-	-	ブナハシリーズ	-	-	<オート/キャンプ>: このカードは『ライトボウガン』と『ヘビィボウガン』の派生元にすることができる。{{{LINEBREAK}}}<オート/キャンプ>: あなたのターンの終了時、あなたの手札を1枚選んで、捨てる。	百瀬 寿	Bnahabra Armor	-	-	<Auto / Camp>: This card can serve as Origin for "Light Bowgun" and "Heavy Bowgun" Hunters.{{{LINEBREAK}}}<Auto / Camp>: At the end of your turn, choose 1 card from your hand, discard it.	Gonna revisit this wording when we decide on a translation for 派生元
8	Rare	57	Hunter	雷迅砲サンダークルス	Thundacrus	700	3★	Medium Bowgun	Medium Bowgun	Shell (Yellow)	-	-	-	ボロスGシリーズ	-	-	<オート/手札>: このカードは『ライトボウガン』と『ヘビィボウガン』から派生することができる。{{{LINEBREAK}}}<オート/狩場>: キャンプか狩場にある相手のハンターがカードの能力で横向きになった時、相手の素材置場にあるカードを1枚選んで、捨てる。	山﨑 奈苗	Barroth G Armor	-	-	<Auto / Hand>: This card can use "Light Bowgun" and "Heavy Bowgun" Hunters for its Origin{{{LINEBREAK}}}<Auto / Hunting Ground>: When one of your opponent's card abilities turns one of your cards in your Camp or the Hunting Ground sideways, choose 1 card from your opponent's Material Storage, discard it.	
8	Common	58	Hunter	ピアースクラブ	Piercing Crab	300	2★	Heavy Bowgun	-	-	-	-	-	修羅シリーズ	-	-	【リロード】<オート/キャンプ>:　このカードがガームの開始時に表向きになった時、このカードの上に弾丸カウンターを1個置く。{{{LINEBREAK}}}【射撃】<アクティヴ/狩場>[このカードを横向きにする＋このカードの上にある弾丸カウンターを1個取り除く]: 狩りの終了時まで、狩場にあるターゲットモンスターのパワー -600。	funbolt	Carnage Armor	-	-	【Reload】<Auto / Camp>: If this card if face up on your Camp at the start of game setup, place 1 Ammo counter on this card.{{{LINEBREAK}}}【Fire】<Active / Hunting Ground>[Turn this card sideways + Remove 1 Ammo counter from this card]: Until the end of the hunt, Target Monsters in the Hunting Ground receives -600 Power.	
8	Uncommon	59	Hunter	グラン=ダオラ	Daora Grande	600	4★	Heavy Bowgun	Heavy Bowgun	Shell (Yellow)	-	-	-	トヨタマ覇シーリズ	-	-	【リロード】<アクティヴ/狩場>［このカードを横向きにする＋素材②]: このカードの上に弾丸カウンターを1個置く。{{{LINEBREAK}}}【射撃】<アクティヴ/狩場>[このカードを横向きにする＋このカードの上にある弾丸カウンターを1個取り除く]: 狩りの終了時まで、狩場にあるターゲットモンスターのパワー -1000。	増田 幹生	Cham S Armor	-	-	【Reload】<Active / Hunting Ground>[Turn this card sideways + Material ②]: Place 1 Ammo counter on this card.{{{LINEBREAK}}}【Fire】<Active / Hunting Ground>[Turn this card sideways + Remove 1 Ammo counter from this card]: Until the end of the hunt, Target Monsters in the Hunting Ground receives -1000 Power.	
8	Rare	60	Hunter	ガイアイーター	Gaia Eater	1000	5★	Heavy Bowgun	Heavy Bowgun	Mantle (Red)	-	-	-	リオハートZシリーズ	-	-	【リロード】<アクティヴ/狩場>［このカードを横向きにする＋素材③]: このカードの上に弾丸カウンターを1個置く。{{{LINEBREAK}}}【射撃】<アクティヴ/狩場>[このカードを横向きにする＋このカードの上にある弾丸カウンターを1個取り除く]: 狩りの終了時まで、狩場にあるターゲットモンスターのパワー -2500。	安達 洋介	Rath Heart Z Armor	-	-	【Reload】<Active / Hunting Ground>[Turn this card sideways + Material ③]: Place 1 Ammo counter on this card.{{{LINEBREAK}}}【Fire】<Active / Hunting Ground>[Turn this card sideways + Remove 1 Ammo counter from this card]: Until the end of the hunt, Target Monsters in the Hunting Ground receives -2500 Power.	
8	Rare	61	Hunter	青鳥幣弓III	Blue Kut-Ku Stave III	1400	5★	Bow	Bow	Shell (Red)	-	-	-	ガノスZシリーズ	-	-	<オート/キャンプ>: このカードが手札か準備ゾーンからキャンプに出た時、捨場にあるすべてのカードを山札に戻してよい。もどしたならば、シャッフルする。	Kuratch!	Plesioth Z Armor	-	-	<Auto / Camp>: When this card enters the Camp from your hand or Prepration Zone, return all cards from your discard pile to your deck. If you do, shuffle your deck.	
8	Uncommon	62	Event	大タル爆弾	Large Barrel Bomb	-	-	-	-	3	-	-	-	-	-	-	<イベント>: 相手の山札の上からカードを5枚公開し、その中からすべての★4以下のターゲットモンスターを捨てる。その後、残りのカードを山札に戻しシャッフルする。この能力で捨てたターゲットモンスター1枚につき、カードを1枚引く。	松原 俊和	-	-	-	<Event>: Reveal the top 5 cards of your opponent's deck, discard all 4★ or below Target Monsters revealed. Then, return the remaining cards to the deck and shuffle. For each Target Monster discarded this way, draw 1 card.	
8	Common	63	Event	最終決戦!!	Final Battle!!	-	-	-	-	1	-	-	-	-	-	-	<イベント>: あなたの山札からハンターかテキストに「<撃退>」と書かれたターゲットモンスターかテキスト「【最終決戦】」と書かれたターゲットモンスターを1枚まで選んで、相手に見せてから手札加え、シャッフルする。その後、このカードの能力であなたの手札にハンターを加えた場合、あなたの手札を1枚選んで、捨てる。	米谷 尚展	-	-	-	<Event>: Choose up to 1 Hunter, Target Monster with "<Repel>" in its card text, or Target Monster with "Final Battle" in its card text, reveal it and add it to your hand, then shuffle your deck. If you took a Hunter with this ability, choose 1 card from your hand, discard it.	
8	Rare	64	Event	ネコバァ	Felyne Granny	-	-	-	-	2	-	-	-	-	-	-	<イベント>: キャンプにあなたの★3以上のハンターがある場合、このカードをサブデッキ置場に表向きで置く。{{{LINEBREAK}}}<オート>: このカードがサブデッキ置場にある場合、あなたはオトモを1枚多く使用できる。	ぽん吉	-	-	-	<Event>: If your Camp contains a 3★ or above Hunter, place this card in the Sub Deck face up.{{{LINEBREAK}}}<Auto>: When this card is in your Sub Deck, you can use one more Buddy Card.	Just in case anyone else is confused by this card like I was, there is a rule that you can only play as many palico/buddy cards as the number of quests you have revealed, so this just acts like a quest card and adds one more.
8	Uncommon	65	Event	乱舞	Blade Dance	-	-	-	-	-	-	-	-	-	-	-	【固有技】<オープン>[素材⑤]: あなたの山札の上からカードを11枚捨てる。その後、狩場にあるあなたの『双剣』を1枚選んで、この能力で捨てたターゲットモンスター1枚につき、狩りの終了時まで、パワー +200。	AMON	-	-	-	【Signature Ability】<Open>[Material ⑤]: Discard the top 11 cards of your deck. Then, choose 1 "Dual Blades" Hunter you control from the Hunting Ground, for each Target Monster discarded by this ability, until the end of the Hunt, this card receives +200 Power.	
8	Rare	66	Quest	鉄壁の盾蟹	The Giant Enemy Crab	-	-	-	-	-	-	-	100	-	-	-	条件: ★1以上の「ダイミョウザザミ」討伐{{{LINEBREAK}}}<オート>: あなたのターンの間、相手がカードを山札の1番下に戻した時、狩場にある相手のハンターを1枚まで選んで、1つ前に移動する。	甲壱	-	-	-	Condition: Slay a 1★ or above "Daimyo Hermitaur"{{{LINEBREAK}}}<Auto>: During your turn, whenever your opponent's cards are returned to the bottom of their deck, choose 1 Hunter your opponent controls from the Hunting Ground, move it one position forward.	
8	Common	67	Quest	皇妃座すは炎の宮殿	The Empress's Blazing Throne	-	-	-	-	-	-	-	200	-	-	-	条件: 「牙を剥くナナ・テスカトリ」撃退{{{LINEBREAK}}}<オート>: このカードを表向きにした時、あなたの山札から「最終決戦！ナナ・テスカトリ」を1枚まで選んで、相手に見せてから手札に加える。その後、シャッフルする。	伊藤 サトシ	-	-	-	Condition: Repel "Lunastra, Fangs Bared"{{{LINEBREAK}}}<Auto>: When this card is fliped face up, choose up to 1 "Final Battle! Lunastra" from your deck, reveal it and add it to your hand. Then, shuffle your deck.	
8	Common	68	Quest	風翔龍の襲撃	Attack of the Wind Dragon	-	-	-	-	-	-	-	400	-	-	-	条件: 「殺気立つクシャルダオラ」撃退{{{LINEBREAK}}}<オート>: あなたのサブデッキ置場に「最終決戦！クシャルダオラ」がある場合、あなたのGP+800。	shukei	-	-	-	Condition: Repel "Kushala Daora, Seething"{{{LINEBREAK}}}<Auto>: If your Sub Deck contains "Final Battle! Kushala Daora", gain 800 GP.	
8	Common	69	Quest	宵闇に消ゆ	Evaporate into the Night	-	-	-	-	-	-	-	400	-	-	-	条件:「最終決戦！オオナズチ」討伐	村山 竜大	-	-	-	Condition: Slay "Final Battle! Chameleos"	
8	Common	70	Quest	峯山龍ジエン・モーラン		-	-	-	-	-	-	-	1000	-	-	-	条件:「最終決戦！ジエン・モーラン」討伐	山宗	-	-	-	Condition: Slay "Final Battle! Jhen Moran"	
8	Rare	71	Quest	イビルジョーの狩猟	Into the Fire	-	-	-	-	-	-	-	1400	-	-	-	条件: ★8以上の「イビルジョー」討伐	緑川 美帆	-	-	-	Condition: Slay a 8★ or above "Deviljho"	
8	Uncommon	72	Palico	大型狙いニャ	Targeting Large Meownsters	-	-	-	-	3	-	-	-	-	-	-	<オトモ>: 相手の準備ゾーンにある★5以上のターゲットモンスターを1枚まで選んで、山札の下に戻す。その後、あなたは相手の手札を見て★5以上のターゲットモンスターを1枚選んで、捨てる。	山崎 太郎	-	-	-	<Buddy>: Choose up to 1 5★ or above Target Monster from your opponent's Preparation Zone, return it to the bottom of their deck. Then, look at your opponent's hand and choose 1 5★ or above Target Monster, discard it.	
8	Common	73	Palico	お手入れするニャ		-	-	-	-	2	-	-	-	-	-	-	<オトモ>: あなたの捨場にあるカードを好きな枚数選んで、山札に戻し、シャッフルする。その後、カードを2枚引く。	十葉 一駒	-	-	-	<Buddy>: Choose any number of cards from your discard pile, return them to your deck and shuffle. Then, draw 2 cards.	
8	Common	74	Palico	旦那さんメモなのニャ		-	-	-	-	2	-	-	-	-	-	-	<オトモ>: あなたの山札からハンターを1枚まで選んで、相手に見せてから手札に加える。その後、シャッフルする。	toma	-	-	-	<Buddy>: Choose 1 Hunter from your deck, reveal it and add it to your hand. Then, shuffle your deck.	
8	Uncommon	75	Palico	耳をすませるっチャ		-	-	-	-	1	-	-	-	-	-	-	<オトモ>: あなたの山札の上からカードを7枚見て、その中からターゲットモンスターを1枚まで選んで、相手に見せてから表向きか裏向きであなたの準備ゾーンに出す。その後、残りを山札に戻しシャッフルする。ただし、あなたの準備ゾーンにあるカードが4枚超えるように出すことはできない。	渡邊 里恵香	-	-	-	<Buddy>: Look at the top 7 cards of your deck, choose up to 1 Target Monster, reveal it place it in your Preparation Zone face up or face down. Then, shuffle the remaining cards back into your deck. However, you may not place more than 4 cards in your Preparation Zone.	～Yuwika's translations end here～
S01		1																					
S01		2																					
S01		3																					
S01		4																					
S01		5																					
S01		6																					
S01		7																					
S01		8																					
S01		9																					
S01		10																					
S01		11																					
S01		12																					
S01		13																					
S01		14																					
S01		15																					
S01		16																					
S01		17																					
S02		1																					
S02		2																					
S02		3																					
S02		4																					
S02		5																					
S02		6																					
S02		7																					
S02		8																					
S02		9																					
S02		10																					
S02		11																					
S02		12																					
S02		13																					
S02		14																					
S02		15																					
S02		16																					
S02		17																					
S02		18																					
S02		19																					
S02		20																					
S02		21																					
S02		22																					
S02		23																					
S02		24																					
S03		1																					
S03		2																					
S03		3																					
S03		4																					
S03		5																					
S03		6																					
S03		7																					
S03		8																					
S03		9																					
S03		10																					
S03		11																					
S03		12																					
S03		13																					
S03		14																					
S03		15																					
S03		16																					
S03		17																					
S03		18																					
S03		19																					
S03		20																					
S03		21																					
S03		22																					
S04		1																					
S04		2																					
S04		3																					
S05		1																					
S05		2																					
S05		3																					
S05		4																					
S05		5																					
S05		6																					
S05		7																					
S05		8																					
S05		9																					
S05		10																					
S05		11																					
S05		12																					
S05		13																					
S05		14																					
S05		15																					
S05		16																					
S05		17																					
S05		18																					
S05		19																					
S05		20																					
S05		21																					
S05		22																					
S05		23																					
S05		24																					
S05		25																					
S05		26																					
S05		27																					
S06		1																					
S06		2																					
S06		3																					
S06		4																					
S06		5																					
S06		6																					
S06		7																					
S06		8																					
S06		9																					
S06		10																					
S06		11																					
S06		12																					
S06		13																					
S06		14																					
S06		15																					
S06		16																					
S06		17																					
S06		18																					
S06		19																					
S06		20																					
S06		21																					
S06		22																					
S06		23																					
S06		24																					
S06		25																					
S06		26																					
S06		27																					
S06		28																					
S07		1																					
S07		2																					
S07		3																					
S07		4																					
S07		5																					
S07		6																					
S07		7																					
S07		8																					
S07		9																					
S07		10																					
S07		11																					
S07		12																					
S07		13																					
S07		14																					
S07		15																					
S07		16																					
S07		17																					
S07		18																					
S07		19																					
S07		20																					
S07		21																					
S07		22																					
S07		23																					
S07		24																					
S08		1																					
S08		2																					
S08		3																					
S08		4																					
S08		5																					
S08		6																					
S08		7																					
S08		8																					
S08		9																					
S08		10																					
S08		11																					
S08		12																					
S08		13																					
S08		14																					
S08		15																					
S08		16																					
S08		17																					
S08		18																					
S08		19																					
S08		20																					
S08		21																					
S08		22																					
S08		23																					
S08		24																					
S08		25																					
S08		26																					
Promo		P01																					
Promo		P02																					
Promo		P03																					
Promo		P04																					
Promo		P05																					
Promo		P06																					
Promo		P07																					
Promo		P08																					
Promo		P09																					
Promo		P10																					
Promo		P11																					
Promo		P12																					
Promo		P13																					
Promo		P14																					
Promo		P15																					
Promo		P16																					
Promo		P17																					
Promo		P18																					
Promo		P19																					
Promo		P20																					
Promo		P21																					
Promo		P22																					
Promo		P23																					
Promo		P24																					
Promo		P24G																					
Promo		P25																					
Promo		P26																					
Promo		P27																					
Promo		P28																					
Promo		P29																					
Promo		P30																					
Promo		P31																					
Promo		P32																					
Promo		P33																					
Promo		P34																					
Promo		P35																					
Promo		P36																					
Promo		P37																					
Promo		P38																					
Promo		P39																					
Promo		P40																					
Promo		P41																					
Promo		P42																					
Promo		P43																					
Promo		P44																					
Promo		P45																					
Promo		P46																					
Promo		P47																					
Promo		P48																					
Promo		P49																					
Promo		P50																					
Promo		P51																					
Promo		P52																					
Promo		P53																					
Promo		P54																					
Promo		P55																					
Promo		P56																					
Promo		P57																					
Promo		P58																					
Promo		P59																					
Promo		P60																					
Promo		P61																					
Promo		P62																					
Promo		P63																					
Promo		P64																					
Promo		P65																					
Promo		P66																					
Promo		P67																					
Promo		P68																					
